10 MM - II,20 MM - II,CEMENT OPC GRADE 43,CEMENT OPC GRADE 53,CEMENT PPC,CRUSHED STONE SAND II,FLY ASH,GGBS,GRADE,NATURAL SAND-COARSE,NATURAL SAND-FINE,RMC ADMX - HIGH PC,RMC ADMX - MID PC,SLUMP / FLOW,WATER,W/C,BLEND_OPC+GGBS,BLEND_OPC+PFA,BLEND_OPC+PFA+GGBS,BLEND_PPC,BLEND_PPC+GGBS,BLEND_PPC+PFA,BLEND_PPC+PFA+GGBS,DISTANCE_Medium,DISTANCE_Short,SPECIFIED SLUMP_175,SPECIFIED SLUMP_225,SPECIFIED SLUMP_25 ± 15,SPECIFIED SLUMP_75
588.286,587.429,0.0,0.0,254.714,0.0,135.571,0.0,25,705.571,0.0,0.0,1.694,130,141.151,0.3616613500390741,0,0,0,0,0,1,0,1,0,0,0,0,0
369.385,812.154,0.0,297.692,0.0,0.0,99.231,0.0,30,718.308,0.0,0.0,2.282,170,149.982,0.3778617011359886,0,1,0,0,0,0,0,0,0,0,0,0,0
612.143,611.143,0.0,165.0,0.0,0.0,98.429,66.571,25,739.143,0.0,0.0,1.404,120,133.393,0.4042212121212121,0,0,1,0,0,0,0,1,0,0,0,0,0
616.2,614.2,0.0,221.6,0.0,0.0,102.8,68.8,30,726.8,0.0,0.0,1.688,120,137.118,0.3487232960325534,0,0,1,0,0,0,0,1,0,0,0,0,0
584.429,581.714,0.0,165.0,0.0,0.0,101.429,65.714,25,765.714,0.0,0.0,1.391,150,161.436,0.4860436619167046,0,0,1,0,0,0,0,1,0,0,0,0,0
572.0,546.25,0.0,218.5,0.0,387.5,103.75,68.0,30,385.25,0.0,0.0,2.138,120,132.063,0.3384061499039077,0,0,1,0,0,0,0,1,0,1,0,0,0
611.714,613.571,0.0,164.429,0.0,0.0,98.857,65.857,25,749.0,0.0,0.0,1.663,120,127.123,0.3862242247290691,0,0,1,0,0,0,0,1,0,0,0,0,0
634.0,631.143,0.0,259.286,0.0,0.0,118.571,0.0,30,786.0,0.0,2.286,0.0,140,142.126,0.3761370042105877,0,1,0,0,0,0,0,1,0,0,0,0,0
687.143,542.571,0.0,0.0,169.429,0.0,134.571,0.0,20,750.429,0.0,0.0,1.1,140,143.36,0.4715789473684211,0,0,0,0,0,1,0,1,0,0,0,0,0
593.429,594.286,0.0,209.714,0.0,0.0,127.286,85.286,35,696.0,0.0,0.0,1.801,150,134.516,0.3185424096465428,0,0,1,0,0,0,0,1,0,0,0,0,0
793.667,0.0,0.0,399.167,0.0,0.0,0.0,160.333,40,728.5,0.0,2.508,0.0,400,223.725,0.3998659517426273,1,0,0,0,0,0,0,1,0,0,1,0,0
742.286,434.286,0.0,0.0,278.857,0.0,119.857,0.0,30,682.714,0.0,0.0,1.996,140,150.073,0.3763926022161248,0,0,0,0,0,1,0,1,0,0,0,0,0
602.0,700.25,0.0,219.0,0.0,0.0,103.75,69.5,30,703.5,0.0,0.0,2.09,170,158.53,0.4041555130656469,0,0,1,0,0,0,0,1,0,1,0,0,0
591.286,593.286,0.0,210.0,0.0,0.0,126.0,85.714,35,699.714,0.0,0.0,1.796,150,124.291,0.2947281807101495,0,0,1,0,0,0,0,1,0,0,0,0,0
809.333,0.0,0.0,399.5,0.0,0.0,0.0,160.167,40,792.333,0.0,2.52,0.0,400,154.788,0.2765716041860606,1,0,0,0,0,0,0,1,0,0,1,0,0
380.571,863.571,0.0,296.857,0.0,0.0,98.857,0.0,30,697.286,0.0,0.0,2.557,120,140.839,0.355911087300424,0,1,0,0,0,0,0,0,0,0,0,0,0
587.0,589.667,0.0,219.833,0.0,0.0,102.667,68.667,30,779.333,0.0,0.0,2.095,170,144.537,0.3695020285453527,0,0,1,0,0,0,0,1,0,0,0,0,0
622.714,627.571,0.0,0.0,155.714,0.0,148.429,0.0,15,739.286,0.0,0.0,1.057,140,138.266,0.4546085229645265,0,0,0,0,0,1,0,1,0,0,0,0,0
619.571,611.714,0.0,199.857,0.0,339.286,98.0,68.429,30,417.0,0.0,0.0,1.799,140,126.8,0.3461775770845733,0,0,1,0,0,0,0,1,0,0,0,0,0
804.167,0.0,0.0,400.667,0.0,0.0,0.0,158.833,40,740.0,0.0,2.518,0.0,400,213.207,0.3810670241286863,1,0,0,0,0,0,0,1,0,0,1,0,0
819.429,446.0,0.0,0.0,155.0,0.0,145.0,0.0,15,730.429,0.0,0.0,1.007,120,146.853,0.4895100000000001,0,0,0,0,0,1,0,1,0,0,0,0,0
823.429,444.571,0.0,0.0,155.429,0.0,145.0,0.0,15,727.0,0.0,0.0,1.004,120,147.193,0.4899427152505252,0,0,0,0,0,1,0,1,0,0,0,0,0
804.667,0.0,0.0,399.0,0.0,0.0,0.0,159.0,40,748.0,0.0,2.513,0.0,400,202.528,0.3629534050179211,1,0,0,0,0,0,0,1,0,0,1,0,0
812.143,447.571,0.0,156.0,0.0,0.0,93.286,60.857,20,726.714,0.0,0.0,1.391,140,166.379,0.5364589882731513,0,0,1,0,0,0,0,1,0,0,0,0,0
796.667,0.0,0.0,401.333,0.0,0.0,0.0,166.167,40,729.333,0.0,2.518,0.0,420,217.108,0.3825691629955947,1,0,0,0,0,0,0,1,0,0,1,0,0
367.231,854.923,0.0,298.154,0.0,0.0,98.154,0.0,30,704.154,0.0,0.0,2.2,120,129.595,0.3270057631942833,0,1,0,0,0,0,0,0,0,0,0,0,0
596.0,574.0,0.0,0.0,217.0,0.0,140.0,0.0,20,775.0,0.0,0.0,1.47,120,133.18,0.3730532212885154,0,0,0,0,0,1,0,1,0,0,0,0,0
614.0,610.429,0.0,219.714,0.0,0.0,102.857,69.571,30,730.286,0.0,0.0,1.799,120,144.751,0.3691290399906156,0,0,1,0,0,0,0,1,0,0,0,0,0
610.429,614.286,0.0,220.0,0.0,0.0,103.143,69.429,30,725.286,0.0,0.0,1.807,120,150.049,0.3822203315570137,0,0,1,0,0,0,0,1,0,0,0,0,0
593.429,589.714,0.0,0.0,209.143,0.0,139.857,0.0,20,733.286,0.0,0.0,1.393,120,136.426,0.3909054441260745,0,0,0,0,0,1,0,1,0,0,0,0,0
818.143,441.714,0.0,0.0,155.571,0.0,144.571,0.0,15,733.714,0.0,0.0,1.053,110,155.883,0.5193641676273231,0,0,0,0,0,1,0,1,0,0,0,0,0
819.0,442.857,0.0,0.0,154.571,0.0,145.857,0.0,15,744.714,0.0,0.0,1.05,120,152.689,0.5082382467679444,0,0,0,0,0,1,0,1,0,0,0,0,0
600.0,594.0,0.0,0.0,254.857,0.0,133.714,0.0,25,690.857,0.0,0.0,1.784,140,153.446,0.394898229667165,0,0,0,0,0,1,0,1,0,0,0,0,0
625.111,609.556,0.0,220.889,0.0,0.0,104.444,71.556,30,720.667,0.0,0.0,2.1,140,149.847,0.3775539256567957,0,0,1,0,0,0,0,1,0,0,0,0,0
613.429,609.714,0.0,165.143,0.0,0.0,98.571,66.143,25,750.143,0.0,0.0,1.641,140,134.909,0.4089923815471553,0,0,1,0,0,0,0,1,0,0,0,0,0
594.714,595.714,0.0,0.0,255.857,0.0,133.429,0.0,25,686.429,0.0,0.0,1.791,140,146.73,0.3769208242782941,0,0,0,0,0,1,0,1,0,0,0,0,0
578.0,586.286,0.0,0.0,255.143,0.0,134.714,0.0,25,707.857,0.0,0.0,1.296,120,148.449,0.3807780801678565,0,0,0,0,0,1,0,1,0,0,0,0,0
610.667,605.667,0.0,220.167,0.0,0.0,103.167,69.333,30,728.0,0.0,0.0,2.102,170,143.38,0.3651440024244461,0,0,1,0,0,0,0,1,0,0,0,0,0
370.286,816.857,0.0,296.571,0.0,0.0,99.0,0.0,30,741.571,0.0,0.0,1.687,120,147.449,0.3727497718487958,0,1,0,0,0,0,0,0,0,0,0,0,0
598.571,592.714,0.0,164.714,0.0,0.0,99.143,66.143,25,754.571,0.0,0.0,1.306,120,153.583,0.4654030303030303,0,0,1,0,0,0,0,1,0,0,0,0,0
1251.0,0.0,0.0,147.0,0.0,0.0,90.0,58.0,15,809.0,0.0,0.0,0.0,120,89.95,0.3049152542372882,0,0,1,0,0,0,0,0,1,0,0,1,0
592.143,595.429,0.0,165.429,0.0,0.0,98.571,66.857,25,765.571,0.0,0.0,1.643,140,131.901,0.3986646799070294,0,0,1,0,0,0,0,1,0,0,0,0,0
592.857,592.143,0.0,165.0,0.0,0.0,99.143,66.857,25,793.571,0.0,0.0,1.191,120,123.644,0.3735468277945619,0,0,1,0,0,0,0,1,0,0,0,0,0
586.833,582.667,0.0,0.0,220.5,0.0,140.167,0.0,20,752.833,0.0,0.0,1.195,120,140.788,0.3903545375651224,0,0,0,0,0,1,0,1,0,0,0,0,0
589.714,586.714,0.0,0.0,255.286,0.0,135.286,0.0,25,690.429,0.0,0.0,1.3,120,154.383,0.3952741107913522,0,0,0,0,0,1,0,1,0,0,0,0,0
632.167,634.667,0.0,156.167,0.0,0.0,94.167,61.167,20,760.333,0.0,0.0,1.392,140,136.525,0.4382810970109245,0,0,1,0,0,0,0,1,0,0,0,0,0
591.4,633.8,0.0,0.0,264.6,0.0,0.0,175.2,35,677.6,0.0,0.0,1.486,140,150.236,0.3416007276034561,0,0,0,0,1,0,0,0,1,0,0,0,0
386.571,854.714,0.0,296.571,0.0,0.0,98.0,0.0,30,724.571,0.0,0.0,2.306,120,129.359,0.3278472062062341,0,1,0,0,0,0,0,0,0,0,0,0,0
592.0,588.286,0.0,0.0,208.714,0.0,138.429,0.0,20,731.0,0.0,0.0,1.407,120,139.094,0.4006821396369795,0,0,0,0,0,1,0,1,0,0,0,0,0
593.0,588.143,0.0,0.0,210.143,0.0,143.571,0.0,20,721.143,0.0,0.0,1.406,120,158.021,0.4467479375993034,0,0,0,0,0,1,0,1,0,0,0,0,0
1000.143,0.0,0.0,0.0,265.143,0.0,165.286,0.0,25,818.571,0.0,0.0,1.391,140,140.596,0.3266415599320678,0,0,0,0,0,1,0,1,0,0,0,0,0
391.714,805.143,0.0,296.857,0.0,0.0,99.286,0.0,30,747.429,0.0,0.0,2.096,170,118.294,0.298614389248327,0,1,0,0,0,0,0,0,0,0,0,0,0
1083.231,0.0,0.0,0.0,219.231,0.0,139.385,0.0,20,780.923,0.0,0.0,1.112,140,144.017,0.4015911169607603,0,0,0,0,0,1,0,1,0,0,0,0,0
571.167,574.0,0.0,219.833,0.0,384.0,103.333,69.0,30,379.0,0.0,0.0,2.083,120,153.918,0.3924817551751044,0,0,1,0,0,0,0,1,0,1,0,0,0
566.286,570.857,0.0,219.571,0.0,371.143,102.857,69.143,30,373.429,0.0,0.0,2.406,120,174.583,0.445852731688506,0,0,1,0,0,0,0,1,0,1,0,0,0
573.556,549.778,0.0,220.667,0.0,369.778,102.889,68.889,30,372.0,0.0,0.0,2.14,120,183.36,0.4672247066467913,0,0,1,0,0,0,0,1,0,1,0,0,0
625.714,627.429,0.0,260.286,0.0,0.0,118.857,0.0,30,799.714,0.0,2.091,0.0,100,115.897,0.3056814974824802,0,1,0,0,0,0,0,1,0,0,0,0,0
582.0,577.143,0.0,165.429,0.0,0.0,98.429,66.0,25,820.286,0.0,0.0,1.354,140,121.787,0.3692103875000758,0,0,1,0,0,0,0,1,0,0,0,0,0
609.0,608.714,0.0,165.0,0.0,0.0,98.429,66.0,25,729.286,0.0,0.0,1.647,120,140.244,0.4257184400887597,0,0,1,0,0,0,0,1,0,0,0,0,0
621.167,620.5,0.0,0.0,249.167,0.0,0.0,166.5,30,0.0,697.667,0.0,1.402,140,124.358,0.2991769854234279,0,0,0,0,1,0,0,1,0,0,0,0,0
534.769,651.077,0.0,0.0,319.692,0.0,0.0,102.154,30,0.0,754.154,0.0,1.3,140,138.258,0.3277451961142218,0,0,0,0,1,0,0,1,0,0,0,0,0
619.429,618.143,0.0,0.0,207.286,0.0,0.0,206.857,30,0.0,662.429,0.0,1.333,140,160.403,0.3873130778499214,0,0,0,0,1,0,0,1,0,1,0,0,0
587.857,636.429,0.0,0.0,212.143,0.0,0.0,212.143,35,0.0,708.0,0.0,1.267,120,128.593,0.3030809406862352,0,0,0,0,1,0,0,1,0,0,0,0,0
619.714,617.857,0.0,0.0,206.714,0.0,0.0,207.143,30,0.0,698.0,0.0,1.243,120,127.397,0.3078285494748186,0,0,0,0,1,0,0,1,0,1,0,0,0
682.571,516.429,0.0,0.0,149.714,0.0,0.0,150.0,20,0.0,834.429,0.0,1.186,120,125.681,0.419336434067144,0,0,0,0,1,0,0,1,0,0,0,0,0
620.143,619.857,0.0,0.0,208.0,0.0,0.0,206.857,30,0.0,705.857,0.0,1.249,120,115.339,0.2780211012469357,0,0,0,0,1,0,0,1,0,0,0,0,0
620.0,623.143,0.0,0.0,206.143,0.0,0.0,207.429,30,0.0,677.0,0.0,1.499,140,145.374,0.3515083226137166,0,0,0,0,1,0,0,1,0,1,0,0,0
619.143,620.429,0.0,0.0,206.143,0.0,0.0,206.571,30,0.0,663.0,0.0,1.403,140,160.471,0.3888188915326352,0,0,0,0,1,0,0,1,0,0,0,0,0
564.143,566.286,0.0,0.0,241.857,0.0,0.0,239.714,40,0.0,791.143,0.0,1.616,150,109.294,0.2269530349626535,0,0,0,0,1,0,0,1,0,0,0,0,1
620.8,619.8,0.0,0.0,206.8,0.0,0.0,207.0,30,0.0,688.2,0.0,1.406,150,142.24,0.3437409376510391,0,0,0,0,1,0,0,1,0,0,0,0,0
583.833,630.167,0.0,0.0,333.167,0.0,0.0,116.167,35,0.0,701.667,0.0,1.345,150,136.822,0.3044995482202549,0,0,0,0,1,0,0,1,0,0,0,0,0
581.857,630.571,0.0,0.0,332.714,0.0,0.0,115.857,35,0.0,695.429,0.0,1.444,140,141.919,0.3163802385798458,0,0,0,0,1,0,0,1,0,0,0,0,0
600.857,601.143,0.0,0.0,270.0,0.0,0.0,70.286,25,0.0,756.714,0.0,1.49,130,152.929,0.4494131407110489,0,0,0,0,1,0,0,1,0,0,0,0,0
619.714,619.286,0.0,0.0,206.857,0.0,0.0,206.857,30,0.0,661.286,0.0,1.356,140,161.463,0.3902768579260069,0,0,0,0,1,0,0,1,0,0,0,0,0
598.429,600.571,0.0,0.0,269.714,0.0,0.0,70.143,25,0.0,750.714,0.0,1.381,140,158.673,0.4668816590507184,0,0,0,0,1,0,0,1,0,0,0,0,0
557.143,680.143,0.0,395.286,0.0,0.0,0.0,0.0,30,0.0,703.286,0.0,1.484,120,143.54,0.363129480932793,0,0,0,0,0,0,0,1,0,0,0,0,0
619.167,620.667,0.0,0.0,210.5,0.0,0.0,206.667,30,0.0,669.5,0.0,1.388,120,154.028,0.3692238360177099,0,0,0,0,1,0,0,1,0,0,0,0,0
620.4,617.6,0.0,0.0,209.2,0.0,0.0,207.4,30,0.0,663.8,0.0,1.4,120,153.614,0.3687325972155545,0,0,0,0,1,0,0,1,0,0,0,0,0
478.143,716.0,0.0,0.0,233.0,0.0,0.0,232.571,35,0.0,673.571,0.0,1.747,140,154.347,0.3315219375777271,0,0,0,0,1,0,0,1,0,0,0,0,0
586.6,633.6,0.0,0.0,212.8,0.0,0.0,212.4,35,0.0,708.4,0.0,1.408,150,130.634,0.3072295390404515,0,0,0,0,1,0,0,1,0,0,0,0,0
617.0,619.0,0.0,0.0,207.333,0.0,0.0,207.0,30,0.0,676.333,0.0,1.4,150,150.237,0.3625996481091296,0,0,0,0,1,0,0,1,0,0,0,0,0
480.429,716.286,0.0,0.0,239.857,0.0,0.0,79.571,20,0.0,799.857,0.0,1.491,140,150.666,0.4716743679326796,0,0,0,0,1,0,0,1,0,0,0,0,0
622.0,620.571,0.0,0.0,207.143,0.0,0.0,207.0,30,0.0,680.429,0.0,1.393,140,142.284,0.343562489285102,0,0,0,0,1,0,0,1,0,1,0,0,0
581.833,630.167,0.0,0.0,333.667,0.0,0.0,115.667,35,0.0,718.833,0.0,1.403,140,120.315,0.2677629558413118,0,0,0,0,1,0,0,1,0,0,0,0,0
534.0,650.429,0.0,0.0,320.429,0.0,0.0,101.857,30,0.0,748.0,0.0,1.304,140,141.576,0.335260936900584,0,0,0,0,1,0,0,1,0,0,0,0,0
583.143,630.286,0.0,0.0,336.143,0.0,0.0,116.143,35,0.0,679.857,0.0,1.393,140,156.263,0.3454959914744211,0,0,0,0,1,0,0,1,0,0,0,0,0
599.25,601.0,0.0,0.0,270.0,0.0,0.0,69.5,25,0.0,746.25,0.0,1.3,130,161.515,0.4757437407952871,0,0,0,0,1,0,0,1,0,0,0,0,0
619.429,620.714,0.0,0.0,206.714,0.0,0.0,207.0,30,0.0,664.571,0.0,1.37,150,159.111,0.3845917711269137,0,0,0,0,1,0,0,1,0,1,0,0,0
618.286,618.429,0.0,0.0,207.0,0.0,0.0,207.143,30,0.0,677.714,0.0,1.344,140,145.436,0.3511733869702011,0,0,0,0,1,0,0,1,0,0,0,0,0
620.857,619.857,0.0,0.0,206.714,0.0,0.0,206.857,30,0.0,680.286,0.0,1.423,140,142.304,0.3440860215053763,0,0,0,0,1,0,0,1,0,0,0,0,0
619.429,621.0,0.0,0.0,206.857,0.0,0.0,207.0,30,0.0,683.571,0.0,1.416,140,140.674,0.339909678947076,0,0,0,0,1,0,0,1,0,0,0,0,0
621.778,619.556,0.0,0.0,207.111,0.0,0.0,206.889,30,0.0,671.333,0.0,1.398,140,150.949,0.3646111111111112,0,0,0,0,1,0,0,1,0,0,0,0,0
620.833,619.0,0.0,0.0,206.5,0.0,0.0,206.833,30,0.0,684.667,0.0,1.4,140,138.86,0.3359518838321645,0,0,0,0,1,0,0,1,0,0,0,0,0
517.833,777.0,0.0,422.167,0.0,0.0,0.0,0.0,35,0.0,665.833,0.0,1.5,150,121.993,0.2889685835226344,0,0,0,0,0,0,0,1,0,0,0,0,0
618.667,620.333,0.0,0.0,207.0,0.0,0.0,207.167,30,0.0,685.333,0.0,1.408,150,139.402,0.3365840349424266,0,0,0,0,1,0,0,1,0,0,0,0,0
532.714,654.571,0.0,0.0,319.143,0.0,0.0,102.0,30,0.0,736.0,0.0,1.304,140,154.121,0.3659588310858782,0,0,0,0,1,0,0,1,0,0,0,0,0
582.0,629.0,0.0,0.0,334.167,0.0,0.0,116.0,35,0.0,695.833,0.0,1.39,140,142.892,0.3174199796964238,0,0,0,0,1,0,0,1,0,0,0,0,0
621.286,622.714,0.0,0.0,206.571,0.0,0.0,206.857,30,0.0,678.714,0.0,1.346,130,142.794,0.3453902493299922,0,0,0,0,1,0,0,1,0,0,0,0,0
683.429,515.429,0.0,0.0,150.286,0.0,0.0,149.714,20,0.0,804.857,0.0,1.359,120,156.84,0.5228,0,0,0,0,1,0,0,1,0,0,0,0,0
621.571,618.857,0.0,0.0,205.714,0.0,0.0,207.143,30,0.0,671.571,0.0,1.46,120,152.323,0.3689485705704397,0,0,0,0,1,0,0,1,0,1,0,0,0
684.0,514.571,0.0,0.0,149.857,0.0,0.0,150.0,20,0.0,824.429,0.0,1.343,120,138.627,0.4623103679420524,0,0,0,0,1,0,0,1,0,0,0,0,0
622.571,618.429,0.0,0.0,207.286,0.0,0.0,206.857,30,0.0,675.0,0.0,1.851,120,145.551,0.351451068833712,0,0,0,0,1,0,0,1,0,0,0,0,0
619.286,618.714,0.0,0.0,206.714,0.0,0.0,207.143,30,0.0,682.714,0.0,1.444,120,140.453,0.3393756780723777,0,0,0,0,1,0,0,1,0,0,0,0,0
619.714,621.286,0.0,0.0,207.714,0.0,0.0,206.857,30,0.0,685.286,0.0,1.406,120,133.954,0.3231147378856697,0,0,0,0,1,0,0,1,0,0,0,0,0
619.714,619.571,0.0,0.0,206.857,0.0,0.0,207.143,30,0.0,676.429,0.0,1.391,140,146.209,0.3531618357487923,0,0,0,0,1,0,0,1,0,1,0,0,0
621.571,618.857,0.0,0.0,206.571,0.0,0.0,207.143,30,0.0,680.429,0.0,1.599,140,139.963,0.3383085899921202,0,0,0,0,1,0,0,1,0,0,0,0,0
620.857,620.0,0.0,0.0,207.286,0.0,0.0,206.857,30,0.0,683.286,0.0,1.4,140,140.436,0.3391002624697266,0,0,0,0,1,0,0,1,0,0,0,0,0
535.286,651.429,0.0,0.0,321.143,0.0,0.0,102.143,30,0.0,749.571,0.0,1.291,140,142.306,0.3361934956506949,0,0,0,0,1,0,0,1,0,0,0,0,0
698.143,539.714,0.0,0.0,204.571,0.0,0.0,205.143,30,0.0,687.857,0.0,1.293,140,149.444,0.3647519977350054,0,0,0,0,1,0,0,1,0,0,0,0,0
621.077,619.692,0.0,0.0,250.154,0.0,0.0,166.154,30,0.0,682.154,0.0,1.4,140,140.575,0.3376706669100762,0,0,0,0,1,0,0,1,0,0,0,0,0
584.333,653.5,0.0,0.0,332.333,0.0,0.0,116.0,35,0.0,701.833,0.0,1.395,140,132.897,0.296424755706138,0,0,0,0,1,0,0,1,0,0,0,0,0
533.714,652.571,0.0,0.0,320.143,0.0,0.0,102.0,30,0.0,746.571,0.0,1.391,140,142.384,0.3372885491409309,0,0,0,0,1,0,0,1,0,0,0,0,0
618.714,620.429,0.0,0.0,207.0,0.0,0.0,207.143,30,0.0,666.143,0.0,1.317,145,157.26,0.3797239117889231,0,0,0,0,1,0,0,1,0,1,0,0,0
619.571,619.714,0.0,0.0,206.429,0.0,0.0,207.0,30,0.0,666.714,0.0,1.293,140,156.727,0.379090484702331,0,0,0,0,1,0,0,1,0,0,0,0,0
619.143,622.286,0.0,0.0,207.286,0.0,0.0,207.0,30,0.0,676.0,0.0,1.399,120,145.479,0.3511559647200244,0,0,0,0,1,0,0,1,0,0,0,0,0
617.0,620.25,0.0,0.0,207.5,0.0,0.0,207.25,30,0.0,676.0,0.0,1.405,120,148.605,0.3583001808318264,0,0,0,0,1,0,0,1,0,0,0,0,0
618.571,639.286,0.0,0.0,207.0,0.0,0.0,207.0,30,0.0,688.714,0.0,1.4,120,133.27,0.3219082125603865,0,0,0,0,1,0,0,1,0,0,0,0,0
587.143,635.571,0.0,0.0,212.143,0.0,0.0,212.143,35,0.0,696.714,0.0,1.396,120,140.794,0.3318374869781233,0,0,0,0,1,0,0,1,0,0,0,0,0
620.8,619.2,0.0,0.0,207.0,0.0,0.0,207.4,30,0.0,708.6,0.0,1.394,120,114.684,0.2767471042471042,0,0,0,0,1,0,0,1,0,1,0,0,0
620.286,619.0,0.0,0.0,207.143,0.0,0.0,207.143,30,0.0,674.286,0.0,1.404,140,150.373,0.3629690600213379,0,0,0,0,1,0,0,1,0,0,0,0,0
620.8,621.2,0.0,0.0,207.0,0.0,0.0,206.8,30,0.0,695.0,0.0,1.398,140,127.824,0.3089028516191397,0,0,0,0,1,0,0,1,0,0,0,0,0
623.111,621.111,0.0,0.0,206.222,0.0,0.0,207.111,30,0.0,681.778,0.0,1.416,140,139.418,0.337301884920875,0,0,0,0,1,0,0,1,0,0,0,0,0
535.538,653.385,0.0,0.0,318.0,0.0,0.0,102.154,30,0.0,763.846,0.0,1.394,140,127.877,0.3043574498874222,0,0,0,0,1,0,0,1,0,0,0,0,0
583.333,630.167,0.0,0.0,333.167,0.0,0.0,116.0,35,0.0,683.833,0.0,1.393,150,155.265,0.3456732128584691,0,0,0,0,1,0,0,1,0,0,0,0,0
620.0,623.5,0.0,0.0,207.0,0.0,0.0,207.0,30,0.0,679.5,0.0,1.308,130,143.658,0.347,0,0,0,0,1,0,0,1,0,0,0,0,0
517.714,775.857,0.0,421.143,0.0,0.0,0.0,0.0,35,0.0,639.429,0.0,1.391,130,142.004,0.3371871312119636,0,0,0,0,0,0,0,1,0,0,0,0,0
618.75,618.0,0.0,0.0,208.25,0.0,0.0,207.0,30,0.0,670.75,0.0,1.315,130,152.41,0.3670319084888621,0,0,0,0,1,0,0,1,0,0,0,0,0
683.857,514.286,0.0,0.0,151.286,0.0,0.0,149.143,20,0.0,865.714,0.0,1.293,120,94.077,0.3131422066444984,0,0,0,0,1,0,0,1,0,0,0,0,0
619.857,618.571,0.0,0.0,207.429,0.0,0.0,207.429,30,0.0,693.429,0.0,1.409,120,130.513,0.3145968017972415,0,0,0,0,1,0,0,1,0,0,0,0,0
589.333,638.0,0.0,0.0,211.333,0.0,0.0,211.333,35,0.0,731.333,0.0,1.404,120,106.82,0.2527291052509547,0,0,0,0,1,0,0,1,0,0,0,0,0
618.333,619.667,0.0,0.0,207.0,0.0,0.0,206.833,30,0.0,683.0,0.0,1.392,120,143.947,0.3478383792496007,0,0,0,0,1,0,0,1,0,0,0,0,0
616.25,618.75,0.0,0.0,207.5,0.0,0.0,207.0,30,0.0,666.75,0.0,1.42,140,155.465,0.3750663449939686,0,0,0,0,1,0,0,1,0,1,0,0,0
681.167,515.167,0.0,0.0,150.667,0.0,0.0,149.667,20,0.0,826.667,0.0,1.192,140,132.822,0.4422476309708525,0,0,0,0,1,0,0,1,0,0,0,0,0
620.714,621.857,0.0,0.0,207.0,0.0,0.0,206.714,30,0.0,669.143,0.0,1.396,140,153.787,0.3717229777092388,0,0,0,0,1,0,0,1,0,0,0,0,0
581.5,630.167,0.0,0.0,335.333,0.0,0.0,115.667,35,0.0,686.5,0.0,1.395,140,152.318,0.3377339246119734,0,0,0,0,1,0,0,1,0,0,0,0,0
536.143,653.143,0.0,0.0,319.429,0.0,0.0,102.0,30,0.0,737.857,0.0,1.343,140,155.287,0.3684772523960145,0,0,0,0,1,0,0,1,0,0,0,0,0
480.286,725.857,0.0,0.0,239.286,0.0,0.0,79.714,20,0.0,806.0,0.0,0.98,140,139.017,0.4357899686520376,0,0,0,0,1,0,0,1,0,0,0,0,0
618.308,622.154,0.0,0.0,206.923,0.0,0.0,206.769,30,0.0,674.615,0.0,1.303,130,149.626,0.3616845382555138,0,0,0,0,1,0,0,1,0,0,0,0,0
617.857,621.429,0.0,0.0,207.143,0.0,0.0,206.857,30,0.0,702.143,0.0,1.386,120,121.146,0.2926231884057971,0,0,0,0,1,0,0,1,0,1,0,0,0
619.667,619.5,0.0,0.0,206.667,0.0,0.0,206.667,30,0.0,670.0,0.0,1.477,120,157.713,0.3815630942530738,0,0,0,0,1,0,0,1,0,1,0,0,0
519.714,778.286,0.0,421.286,0.0,0.0,0.0,0.0,35,0.0,641.857,0.0,1.69,120,138.523,0.3288098821228334,0,0,0,0,0,0,0,1,0,0,0,0,0
683.429,516.286,0.0,0.0,152.0,0.0,0.0,150.0,20,0.0,819.714,0.0,1.25,120,139.639,0.4623807947019868,0,0,0,0,1,0,0,1,0,0,0,0,0
620.571,619.0,0.0,0.0,207.143,0.0,0.0,207.286,30,0.0,664.143,0.0,1.41,120,156.693,0.3780937144842664,0,0,0,0,1,0,0,1,0,0,0,0,0
617.8,618.8,0.0,0.0,207.8,0.0,0.0,207.2,30,0.0,702.8,0.0,1.398,120,121.488,0.2927421686746988,0,0,0,0,1,0,0,1,0,0,0,0,0
618.857,619.143,0.0,0.0,206.714,0.0,0.0,206.857,30,0.0,685.143,0.0,1.414,150,133.969,0.3239322873218867,0,0,0,0,1,0,0,1,0,1,0,0,0
620.429,620.571,0.0,0.0,207.143,0.0,0.0,206.857,30,0.0,677.714,0.0,1.303,150,145.57,0.3516183574879227,0,0,0,0,1,0,0,1,0,0,0,0,0
620.0,618.571,0.0,0.0,207.429,0.0,0.0,207.0,30,0.0,688.429,0.0,1.396,120,134.446,0.3244126255643307,0,0,0,0,1,0,0,1,0,0,0,0,0
618.333,619.833,0.0,0.0,207.0,0.0,0.0,207.167,30,0.0,712.667,0.0,1.395,120,107.677,0.2599844990064394,0,0,0,0,1,0,0,1,0,0,0,0,0
517.857,777.143,0.0,421.429,0.0,0.0,0.0,0.0,35,0.0,657.571,0.0,1.371,0,121.489,0.2882786898860781,0,0,0,0,0,0,0,1,0,0,0,0,0
698.857,538.143,0.0,0.0,205.0,0.0,0.0,204.714,30,0.0,695.286,0.0,1.353,120,142.253,0.3472007302655022,0,0,0,0,1,0,0,1,0,0,0,0,0
616.857,620.571,0.0,0.0,206.714,0.0,0.0,207.143,30,0.0,669.571,0.0,1.394,140,154.017,0.3721502837936775,0,0,0,0,1,0,0,1,0,0,0,0,0
619.571,619.0,0.0,0.0,207.714,0.0,0.0,206.857,30,0.0,680.857,0.0,1.401,120,140.656,0.3392808469478087,0,0,0,0,1,0,0,1,0,0,0,0,0
620.571,619.429,0.0,0.0,207.143,0.0,0.0,206.857,30,0.0,666.143,0.0,1.401,120,157.243,0.3798140096618358,0,0,0,0,1,0,0,1,0,1,0,0,0
620.333,619.333,0.0,0.0,206.833,0.0,0.0,206.667,30,0.0,678.833,0.0,1.312,140,147.508,0.3567303506650544,0,0,0,0,1,0,0,1,0,1,0,0,0
619.143,621.143,0.0,0.0,206.571,0.0,0.0,207.143,30,0.0,655.429,0.0,1.421,120,166.78,0.4031287314424941,0,0,0,0,1,0,0,1,0,1,0,0,0
621.143,620.429,0.0,0.0,206.143,0.0,0.0,207.143,30,0.0,662.714,0.0,1.417,120,158.736,0.384082693340689,0,0,0,0,1,0,0,1,0,0,0,0,0
625.714,620.429,0.0,0.0,207.143,0.0,0.0,207.286,30,0.0,665.714,0.0,1.396,120,156.566,0.3777872687480848,0,0,0,0,1,0,0,1,0,0,0,0,0
621.143,621.143,0.0,0.0,207.714,0.0,0.0,206.857,30,0.0,654.714,0.0,1.406,120,166.9,0.4025848407148594,0,0,0,0,1,0,0,1,0,0,0,0,0
586.286,635.714,0.0,0.0,211.714,0.0,0.0,212.143,35,0.0,685.143,0.0,1.741,120,150.567,0.3552306556220612,0,0,0,0,1,0,0,1,0,0,0,0,0
620.429,621.429,0.0,0.0,207.0,0.0,0.0,207.143,30,0.0,696.714,0.0,1.293,120,124.707,0.301120627416134,0,0,0,0,1,0,0,1,0,1,0,0,0
479.571,718.571,0.0,0.0,240.286,0.0,0.0,80.0,20,0.0,796.0,0.0,1.203,120,153.699,0.479880481819374,0,0,0,0,1,0,0,1,0,0,0,0,0
583.846,631.538,0.0,0.0,333.846,0.0,0.0,116.0,35,0.0,700.0,0.0,1.394,140,144.128,0.3203940904220555,0,0,0,0,1,0,0,1,0,0,0,0,0
587.714,636.571,0.0,0.0,210.857,0.0,0.0,212.286,35,0.0,701.0,0.0,1.781,120,139.77,0.3303138655253661,0,0,0,0,1,0,0,1,0,0,0,0,0
519.0,778.667,0.0,420.0,0.0,0.0,0.0,0.0,35,0.0,637.333,0.0,1.685,120,142.81,0.3400238095238095,0,0,0,0,0,0,0,1,0,0,0,0,0
620.857,619.429,0.0,0.0,207.286,0.0,0.0,207.286,30,0.0,687.857,0.0,1.403,120,136.366,0.3289320069855176,0,0,0,0,1,0,0,1,0,0,0,0,0
619.333,622.5,0.0,0.0,205.833,0.0,0.0,207.167,30,0.0,686.5,0.0,1.648,120,134.623,0.3259636803874092,0,0,0,0,1,0,0,1,0,1,0,0,0
619.667,620.5,0.0,0.0,207.667,0.0,0.0,206.5,30,0.0,668.833,0.0,1.837,120,157.722,0.3808173997445475,0,0,0,0,1,0,0,1,0,0,0,0,0
480.571,720.143,0.0,0.0,239.857,0.0,0.0,80.0,20,0.0,803.286,0.0,0.994,120,147.454,0.4609997592674227,0,0,0,0,1,0,0,1,0,0,0,0,0
544.571,686.143,0.0,423.0,0.0,0.0,0.0,0.0,35,0.0,680.286,0.0,1.194,120,146.27,0.3457919621749409,0,0,0,0,0,0,0,1,0,1,0,0,0
622.286,618.857,0.0,0.0,206.857,0.0,0.0,206.857,30,0.0,668.429,0.0,1.4,110,155.136,0.3749836843809975,0,0,0,0,1,0,0,1,0,1,0,0,0
629.714,621.857,0.0,0.0,207.429,0.0,0.0,207.571,30,0.0,670.857,0.0,1.414,120,149.919,0.3612506024096386,0,0,0,0,1,0,0,1,0,0,0,0,0
621.5,620.75,0.0,0.0,206.75,0.0,0.0,207.5,30,0.0,682.0,0.0,1.668,120,140.343,0.3387881713940857,0,0,0,0,1,0,0,1,0,0,0,0,0
618.2,619.2,0.0,0.0,206.2,0.0,0.0,207.0,30,0.0,682.0,0.0,1.412,120,142.292,0.3443659244917716,0,0,0,0,1,0,0,1,0,0,0,0,0
621.0,619.429,0.0,0.0,205.857,0.0,0.0,207.286,30,0.0,655.857,0.0,1.43,120,166.693,0.4034753100016217,0,0,0,0,1,0,0,1,0,0,0,0,0
621.833,620.667,0.0,0.0,206.167,0.0,0.0,206.833,30,0.0,663.833,0.0,1.662,120,159.638,0.3865326876513318,0,0,0,0,1,0,0,1,0,1,0,0,0
622.6,618.2,0.0,0.0,208.4,0.0,0.0,206.8,30,0.0,657.4,0.0,1.394,120,167.552,0.4035452793834296,0,0,0,0,1,0,0,1,0,0,0,0,0
618.0,619.778,0.0,0.0,205.778,0.0,0.0,207.111,30,0.0,675.333,0.0,1.407,140,149.569,0.3622499025161726,0,0,0,0,1,0,0,1,0,0,0,0,0
621.286,618.286,0.0,0.0,207.714,0.0,0.0,207.0,30,0.0,662.0,0.0,1.401,140,162.026,0.390693345293383,0,0,0,0,1,0,0,1,0,1,0,0,0
619.0,619.143,0.0,0.0,206.143,0.0,0.0,207.0,30,0.0,670.429,0.0,1.4,140,152.666,0.3695233853653577,0,0,0,0,1,0,0,1,0,0,0,0,0
620.0,618.8,0.0,0.0,212.0,0.0,0.0,206.6,30,0.0,673.8,0.0,1.402,140,149.462,0.3570520783564262,0,0,0,0,1,0,0,1,0,0,0,0,0
620.714,619.857,0.0,0.0,207.0,0.0,0.0,207.286,30,0.0,671.0,0.0,1.419,140,154.227,0.3722718122263364,0,0,0,0,1,0,0,1,0,0,0,0,0
479.429,718.571,0.0,0.0,242.0,0.0,0.0,80.0,20,0.0,802.143,0.0,0.996,120,147.031,0.4566180124223603,0,0,0,0,1,0,0,1,0,0,0,0,0
517.286,778.0,0.0,421.571,0.0,0.0,0.0,0.0,35,0.0,654.857,0.0,1.396,120,125.05,0.2966285631601794,0,0,0,0,0,0,0,1,0,0,0,0,0
618.889,618.889,0.0,0.0,206.444,0.0,0.0,206.889,30,0.0,663.778,0.0,1.367,110,156.067,0.3775817561143195,0,0,0,0,1,0,0,1,0,0,0,0,0
619.714,620.429,0.0,0.0,207.0,0.0,0.0,206.571,30,0.0,675.429,0.0,1.349,120,148.997,0.360269457964896,0,0,0,0,1,0,0,1,0,0,0,0,0
620.143,622.286,0.0,0.0,207.0,0.0,0.0,206.857,30,0.0,705.714,0.0,1.404,110,117.427,0.2837381027746299,0,0,0,0,1,0,0,1,0,0,0,0,0
622.429,617.857,0.0,0.0,206.714,0.0,0.0,206.857,30,0.0,677.571,0.0,1.354,120,143.513,0.3470093405968987,0,0,0,0,1,0,0,1,0,0,0,0,0
546.286,687.571,0.0,422.571,0.0,0.0,0.0,0.0,35,0.0,715.143,0.0,1.753,125,116.101,0.2747490954182847,0,0,0,0,0,0,0,1,0,1,0,0,0
586.0,637.714,0.0,0.0,213.429,0.0,0.0,212.0,35,0.0,704.857,0.0,1.306,120,133.306,0.3133448824598229,0,0,0,0,1,0,0,1,0,0,0,0,0
698.286,540.286,0.0,0.0,205.857,0.0,0.0,204.714,30,0.0,721.571,0.0,1.393,160,116.621,0.2840458775705054,0,0,0,0,1,0,0,1,0,0,0,0,0
627.857,620.0,0.0,0.0,206.286,0.0,0.0,207.286,30,0.0,690.571,0.0,1.404,160,134.023,0.3240620738347857,0,0,0,0,1,0,0,1,0,1,0,0,0
625.857,638.143,0.0,0.0,206.857,0.0,0.0,207.0,30,0.0,711.714,0.0,1.44,150,99.583,0.2406217606564587,0,0,0,0,1,0,0,1,0,0,0,0,0
522.667,780.0,0.0,416.667,0.0,0.0,0.0,0.0,35,0.0,675.333,0.0,1.373,150,115.033,0.2760789791368167,0,0,0,0,0,0,0,1,0,0,0,0,0
621.6,619.0,0.0,0.0,205.6,0.0,0.0,207.0,30,0.0,677.0,0.0,1.3,120,141.628,0.3432573921473582,0,0,0,0,1,0,0,1,0,0,0,0,0
682.429,515.714,0.0,0.0,150.429,0.0,0.0,150.0,20,0.0,835.571,0.0,1.116,120,129.629,0.4314796507660712,0,0,0,0,1,0,0,1,0,0,0,0,0
619.571,618.571,0.0,0.0,208.286,0.0,0.0,207.286,30,0.0,682.0,0.0,1.403,120,140.751,0.3386922121798389,0,0,0,0,1,0,0,1,0,0,0,0,0
626.429,626.429,0.0,0.0,208.286,0.0,0.0,206.143,30,0.0,707.857,0.0,1.387,160,102.04,0.2462182907084205,0,0,0,0,1,0,0,1,0,0,0,0,0
624.286,623.286,0.0,0.0,206.857,0.0,0.0,207.0,30,0.0,682.143,0.0,1.406,160,134.454,0.3248803330619031,0,0,0,0,1,0,0,1,0,0,0,0,0
455.571,687.714,0.0,0.0,384.571,0.0,0.0,0.0,30,0.0,813.0,0.0,1.394,160,107.664,0.2799587072348149,0,0,0,1,0,0,0,1,0,1,0,0,0
538.286,606.571,0.0,409.286,0.0,0.0,0.0,0.0,30,0.0,782.0,0.0,1.397,145,122.49,0.2992772779914289,0,0,0,0,0,0,0,1,0,0,0,0,0
623.75,623.25,0.0,0.0,208.5,0.0,0.0,206.75,30,0.0,689.75,0.0,1.208,140,130.535,0.3143527995183624,0,0,0,0,1,0,0,1,0,0,0,0,0
682.429,514.571,0.0,0.0,149.286,0.0,0.0,150.0,20,0.0,821.571,0.0,1.104,125,137.429,0.4591895377665511,0,0,0,0,1,0,0,1,0,0,0,0,0
619.25,619.0,0.0,0.0,207.25,0.0,0.0,207.25,30,0.0,721.25,0.0,1.413,160,101.383,0.2445910735826297,0,0,0,0,1,0,0,1,0,1,0,0,0
616.4,621.2,0.0,0.0,206.8,0.0,0.0,206.8,30,0.0,687.4,0.0,1.396,160,135.846,0.3284477756286267,0,0,0,0,1,0,0,1,0,0,0,0,0
535.667,652.833,0.0,0.0,319.833,0.0,0.0,101.333,30,0.0,753.5,0.0,1.293,140,138.185,0.3281010337966502,0,0,0,0,1,0,0,1,0,0,0,0,0
619.429,619.714,0.0,0.0,206.857,0.0,0.0,206.571,30,0.0,684.714,0.0,1.293,140,136.27,0.3296099925500934,0,0,0,0,1,0,0,1,0,1,0,0,0
545.571,688.429,0.0,422.143,0.0,0.0,0.0,0.0,35,0.0,692.429,0.0,1.216,140,137.174,0.3249467597472895,0,0,0,0,0,0,0,1,0,1,0,0,0
682.0,514.857,0.0,0.0,153.571,0.0,0.0,150.0,20,0.0,818.429,0.0,1.099,100,143.656,0.4732204327817874,0,0,0,0,1,0,0,1,0,0,0,0,0
519.143,777.0,0.0,420.571,0.0,0.0,0.0,0.0,35,0.0,639.143,0.0,1.833,140,138.504,0.3293237051532321,0,0,0,0,0,0,0,1,0,0,0,0,0
620.462,620.0,0.0,0.0,207.385,0.0,0.0,206.769,30,0.0,686.769,0.0,1.402,130,134.471,0.3246884009329863,0,0,0,0,1,0,0,1,0,0,0,0,0
585.286,634.714,0.0,0.0,212.143,0.0,0.0,211.571,35,0.0,688.286,0.0,1.29,140,147.094,0.3471539765030185,0,0,0,0,1,0,0,1,0,0,0,0,0
534.462,652.462,0.0,0.0,319.846,0.0,0.0,102.154,30,0.0,737.231,0.0,1.305,130,153.157,0.3629312796208531,0,0,0,0,1,0,0,1,0,0,0,0,0
619.857,621.714,0.0,0.0,206.857,0.0,0.0,207.143,30,0.0,686.0,0.0,1.32,130,136.647,0.3300652173913043,0,0,0,0,1,0,0,1,0,0,0,0,0
622.286,621.714,0.0,0.0,205.714,0.0,0.0,207.429,30,0.0,679.714,0.0,1.294,140,140.883,0.3410029941206797,0,0,0,0,1,0,0,1,0,0,0,0,0
620.0,618.286,0.0,0.0,206.714,0.0,0.0,207.0,30,0.0,671.714,0.0,1.487,160,149.086,0.360360055497276,0,0,0,0,1,0,0,1,0,0,0,0,0
619.714,621.571,0.0,0.0,207.0,0.0,0.0,207.143,30,0.0,673.0,0.0,1.391,160,150.611,0.3636690708281922,0,0,0,0,1,0,0,1,0,0,0,0,0
582.571,631.429,0.0,0.0,333.857,0.0,0.0,116.0,35,0.0,696.571,0.0,1.394,140,142.401,0.3165472583509871,0,0,0,0,1,0,0,1,0,0,0,0,0
621.286,621.714,0.0,0.0,208.286,0.0,0.0,207.0,30,0.0,673.143,0.0,1.304,120,150.191,0.3616567859258439,0,0,0,0,1,0,0,1,0,0,0,0,0
622.25,617.5,0.0,0.0,207.25,0.0,0.0,207.5,30,0.0,666.0,0.0,1.293,140,155.328,0.3745099457504521,0,0,0,0,1,0,0,1,0,0,0,0,0
621.143,619.286,0.0,0.0,207.143,0.0,0.0,206.857,30,0.0,655.286,0.0,1.399,140,167.273,0.4040410628019324,0,0,0,0,1,0,0,1,0,0,0,0,0
622.667,619.167,0.0,0.0,207.0,0.0,0.0,207.0,30,0.0,681.333,0.0,1.428,140,152.143,0.3674951690821256,0,0,0,0,1,0,0,1,0,0,0,0,0
682.333,515.5,0.0,0.0,109.833,0.0,0.0,109.833,10,0.0,880.5,0.0,0.802,140,132.843,0.6047499385430608,0,0,0,0,1,0,0,1,0,0,0,0,0
620.667,621.333,0.0,0.0,207.333,0.0,0.0,206.222,30,0.0,712.667,0.0,1.389,140,110.109,0.2662499546614114,0,0,0,0,1,0,0,1,0,0,0,0,0
589.0,634.25,0.0,0.0,213.0,0.0,0.0,211.75,35,0.0,685.0,0.0,1.643,140,153.855,0.3622248381400824,0,0,0,0,1,0,0,1,0,0,0,0,0
620.714,620.0,0.0,0.0,207.0,0.0,0.0,206.286,30,0.0,692.143,0.0,1.393,140,130.154,0.3149247736434334,0,0,0,0,1,0,0,1,0,1,0,0,0
558.571,678.857,0.0,396.714,0.0,0.0,0.0,0.0,30,0.0,692.571,0.0,1.331,140,152.084,0.3833592966217477,0,0,0,0,0,0,0,1,0,0,0,0,0
619.846,618.615,0.0,0.0,206.615,0.0,0.0,207.077,30,0.0,677.077,0.0,1.255,140,145.455,0.3516021581273024,0,0,0,0,1,0,0,1,0,0,0,0,0
619.0,621.714,0.0,0.0,207.857,0.0,0.0,207.0,30,0.0,677.571,0.0,1.251,150,145.024,0.3495758779531261,0,0,0,0,1,0,0,1,0,1,0,0,0
621.0,620.2,0.0,0.0,207.4,0.0,0.0,207.0,30,0.0,671.0,0.0,1.396,140,151.182,0.3648214285714286,0,0,0,0,1,0,0,1,0,0,0,0,0
619.0,621.143,0.0,0.0,207.0,0.0,0.0,207.143,30,0.0,682.571,0.0,1.423,140,142.157,0.34325583192279,0,0,0,0,1,0,0,1,0,1,0,0,0
517.0,777.167,0.0,420.833,0.0,0.0,0.0,0.0,35,0.0,653.833,0.0,1.862,140,128.338,0.3049618257123372,0,0,0,0,0,0,0,1,0,0,0,0,0
619.714,620.429,0.0,0.0,206.429,0.0,0.0,207.0,30,0.0,674.143,0.0,1.374,140,149.813,0.3623669360398037,0,0,0,0,1,0,0,1,0,0,0,0,0
585.2,636.6,0.0,0.0,211.6,0.0,0.0,211.6,35,0.0,690.6,0.0,1.568,140,147.77,0.3491729678638942,0,0,0,0,1,0,0,1,0,0,0,0,0
480.857,718.143,0.0,0.0,240.429,0.0,0.0,80.0,20,0.0,815.429,0.0,1.139,140,135.347,0.4223931042446221,0,0,0,0,1,0,0,1,0,0,0,0,0
617.4,618.4,0.0,0.0,207.2,0.0,0.0,207.0,30,0.0,683.2,0.0,1.42,140,140.51,0.3392322549492998,0,0,0,0,1,0,0,1,0,1,0,0,0
534.462,648.923,0.0,0.0,319.231,0.0,0.0,102.154,30,0.0,750.769,0.0,1.406,140,141.083,0.3348078360644067,0,0,0,0,1,0,0,1,0,0,0,0,0
634.714,689.714,0.0,423.286,0.0,0.0,0.0,0.0,35,0.0,694.714,0.0,1.301,140,134.584,0.3179505110020175,0,0,0,0,0,0,0,1,0,1,0,0,0
545.333,686.5,0.0,419.333,0.0,0.0,0.0,0.0,35,0.0,695.833,0.0,1.298,140,130.62,0.3114946832231186,0,0,0,0,0,0,0,1,0,1,0,0,0
619.571,619.143,0.0,0.0,206.857,0.0,0.0,207.286,30,0.0,697.857,0.0,1.243,140,124.196,0.2998867540921855,0,0,0,0,1,0,0,1,0,0,0,0,0
585.4,631.4,0.0,0.0,212.0,0.0,0.0,211.4,35,0.0,701.8,0.0,1.628,140,139.738,0.3300377893245158,0,0,0,0,1,0,0,1,0,0,0,0,0
481.143,716.857,0.0,0.0,239.571,0.0,0.0,80.286,20,0.0,815.0,0.0,1.106,130,134.12,0.4193123802199109,0,0,0,0,1,0,0,1,0,0,0,0,0
621.4,618.0,0.0,0.0,206.8,0.0,0.0,206.0,30,0.0,685.2,0.0,1.422,150,138.334,0.3351114341085271,0,0,0,0,1,0,0,1,0,1,0,0,0
538.571,607.857,0.0,409.429,0.0,0.0,0.0,0.0,30,0.0,762.143,0.0,1.333,130,143.691,0.3509546221689231,0,0,0,0,0,0,0,1,0,0,0,0,0
533.4,651.4,0.0,0.0,321.0,0.0,0.0,102.6,30,0.0,751.6,0.0,1.358,140,136.972,0.3233522190745987,0,0,0,0,1,0,0,1,0,0,0,0,0
617.0,622.667,0.0,0.0,206.333,0.0,0.0,207.0,30,0.0,711.333,0.0,1.383,120,117.023,0.2831203896132174,0,0,0,0,1,0,0,1,0,0,0,0,0
620.0,619.714,0.0,0.0,207.571,0.0,0.0,207.143,30,0.0,696.0,0.0,1.404,150,126.759,0.3056540169851995,0,0,0,0,1,0,0,1,0,0,0,0,0
618.857,619.429,0.0,0.0,207.714,0.0,0.0,207.286,30,0.0,678.0,0.0,1.391,140,145.929,0.3516361445783133,0,0,0,0,1,0,0,1,0,0,0,0,0
567.0,566.429,0.0,0.0,240.429,0.0,0.0,240.0,40,0.0,771.571,0.0,1.504,140,126.901,0.2641410073080518,0,0,0,0,1,0,0,1,0,0,0,0,1
519.4,777.6,0.0,419.2,0.0,0.0,0.0,0.0,35,0.0,636.2,0.0,1.854,140,145.69,0.3475429389312977,0,0,0,0,0,0,0,1,0,0,0,0,0
619.429,619.714,0.0,0.0,209.571,0.0,0.0,206.857,30,0.0,678.857,0.0,1.404,140,145.391,0.3491383864677687,0,0,0,0,1,0,0,1,0,0,0,0,0
583.6,635.6,0.0,0.0,211.2,0.0,0.0,211.8,35,0.0,682.6,0.0,1.61,140,157.236,0.3717163120567376,0,0,0,0,1,0,0,1,0,0,0,0,0
620.769,620.769,0.0,0.0,207.077,0.0,0.0,207.231,30,0.0,669.846,0.0,1.357,140,153.771,0.3711514139239406,0,0,0,0,1,0,0,1,0,1,0,0,0
480.0,720.5,0.0,0.0,240.667,0.0,0.0,79.5,20,0.0,830.5,0.0,1.398,150,118.687,0.3707034141557374,0,0,0,0,1,0,0,1,0,0,0,0,0
532.364,651.455,0.0,0.0,319.455,0.0,0.0,101.818,30,0.0,756.727,0.0,1.338,150,134.96,0.3203623303653451,0,0,0,0,1,0,0,1,0,0,0,0,0
531.833,652.167,0.0,0.0,320.167,0.0,0.0,101.833,30,0.0,753.833,0.0,1.325,140,134.968,0.3198293838862559,0,0,0,0,1,0,0,1,0,0,0,0,0
684.0,513.571,0.0,0.0,150.143,0.0,0.0,149.714,20,0.0,815.429,0.0,1.36,130,145.567,0.4854547334229317,0,0,0,0,1,0,0,1,0,0,0,0,0
679.857,510.0,0.0,399.857,0.0,0.0,0.0,0.0,30,0.0,741.286,0.0,1.401,130,115.524,0.2889132864999237,0,0,0,1,0,0,0,1,0,0,0,0,0
620.571,619.857,0.0,0.0,206.857,0.0,0.0,207.0,30,0.0,680.286,0.0,1.603,140,142.401,0.3440826179090846,0,0,0,0,1,0,0,1,0,0,0,0,0
620.143,619.714,0.0,0.0,207.286,0.0,0.0,206.857,30,0.0,689.0,0.0,1.224,140,131.603,0.3177718807271884,0,0,0,0,1,0,0,1,0,0,0,0,0
584.667,638.222,0.0,0.0,211.778,0.0,0.0,211.778,35,0.0,677.333,0.0,1.58,140,159.029,0.3754615682459935,0,0,0,0,1,0,0,1,0,0,0,0,0
566.143,565.571,0.0,0.0,240.571,0.0,0.0,239.714,40,0.0,758.571,0.0,1.511,140,141.62,0.2948665896290744,0,0,0,0,1,0,0,1,0,0,0,0,1
619.714,620.286,0.0,0.0,207.571,0.0,0.0,206.714,30,0.0,653.857,0.0,1.394,140,166.674,0.402317245374561,0,0,0,0,1,0,0,1,0,1,0,0,0
618.667,619.333,0.0,0.0,206.167,0.0,0.0,207.0,30,0.0,678.0,0.0,1.408,140,143.897,0.3482780570568317,0,0,0,0,1,0,0,1,0,0,0,0,0
619.333,619.833,0.0,0.0,207.833,0.0,0.0,207.5,30,0.0,676.333,0.0,1.408,140,148.767,0.3581872858645954,0,0,0,0,1,0,0,1,0,0,0,0,0
620.857,618.429,0.0,0.0,206.429,0.0,0.0,207.429,30,0.0,687.143,0.0,1.399,140,137.111,0.3312996245088895,0,0,0,0,1,0,0,1,0,0,0,0,0
618.429,619.714,0.0,0.0,207.143,0.0,0.0,207.0,30,0.0,680.429,0.0,1.313,140,142.27,0.3435286845365007,0,0,0,0,1,0,0,1,0,1,0,0,0
698.0,541.429,0.0,0.0,204.857,0.0,0.0,204.714,30,0.0,697.714,0.0,1.393,140,138.076,0.3371234779806187,0,0,0,0,1,0,0,1,0,0,0,0,0
544.429,686.714,0.0,423.429,0.0,0.0,0.0,0.0,35,0.0,688.143,0.0,1.33,140,141.577,0.3343582985577275,0,0,0,0,0,0,0,1,0,1,0,0,0
620.286,621.0,0.0,0.0,206.714,0.0,0.0,206.857,30,0.0,678.429,0.0,1.234,130,146.314,0.3537820591869352,0,0,0,0,1,0,0,1,0,0,0,0,0
683.667,517.0,0.0,0.0,149.5,0.0,0.0,150.167,20,0.0,872.333,0.0,1.1,120,89.918,0.3000597329702637,0,0,0,0,1,0,0,1,0,0,0,0,0
619.75,618.75,0.0,0.0,207.0,0.0,0.0,206.75,30,0.0,691.5,0.0,1.283,140,132.498,0.3202368580060423,0,0,0,0,1,0,0,1,0,1,0,0,0
620.714,621.143,0.0,0.0,206.714,0.0,0.0,207.286,30,0.0,672.714,0.0,1.26,140,149.184,0.3603478260869565,0,0,0,0,1,0,0,1,0,0,0,0,0
586.429,634.571,0.0,0.0,211.857,0.0,0.0,212.143,35,0.0,672.857,0.0,1.504,140,164.937,0.3890023584905661,0,0,0,0,1,0,0,1,0,0,0,0,0
681.667,513.167,0.0,0.0,175.5,0.0,0.0,175.0,25,0.0,773.5,0.0,1.502,140,150.22,0.4285877318116976,0,0,0,0,1,0,0,1,0,0,0,0,0
618.0,619.429,0.0,0.0,207.143,0.0,0.0,206.429,30,0.0,724.143,0.0,1.394,140,102.521,0.2478915400462314,0,0,0,0,1,0,0,1,0,0,0,0,0
618.0,619.833,0.0,0.0,206.667,0.0,0.0,206.333,30,0.0,687.833,0.0,1.342,130,124.092,0.3004648910411623,0,0,0,0,1,0,0,1,0,1,0,0,0
546.0,686.286,0.0,422.857,0.0,0.0,0.0,0.0,35,0.0,676.571,0.0,1.313,130,155.893,0.3686660029277037,0,0,0,0,0,0,0,1,0,1,0,0,0
535.714,652.286,0.0,0.0,319.857,0.0,0.0,102.0,30,0.0,737.714,0.0,1.374,140,153.087,0.3628883721260995,0,0,0,0,1,0,0,1,0,0,0,0,0
682.143,517.0,0.0,0.0,150.571,0.0,0.0,150.0,20,0.0,849.714,0.0,1.004,120,110.54,0.3677666840779716,0,0,0,0,1,0,0,1,0,0,0,0,0
587.429,633.714,0.0,0.0,211.714,0.0,0.0,212.0,35,0.0,726.143,0.0,1.214,130,100.17,0.236409464874892,0,0,0,0,1,0,0,1,0,0,0,0,0
619.25,618.25,0.0,0.0,208.5,0.0,0.0,207.5,30,0.0,692.5,0.0,1.29,130,133.158,0.3200913461538461,0,0,0,0,1,0,0,1,0,1,0,0,0
619.429,620.714,0.0,0.0,206.857,0.0,0.0,207.143,30,0.0,681.286,0.0,1.393,140,141.84,0.3426086956521739,0,0,0,0,1,0,0,1,0,0,0,0,0
696.714,538.143,0.0,0.0,204.714,0.0,0.0,205.0,30,0.0,692.571,0.0,1.317,140,142.744,0.348399127196044,0,0,0,0,1,0,0,1,0,0,0,0,0
546.857,685.857,0.0,423.0,0.0,0.0,0.0,0.0,35,0.0,682.571,0.0,1.367,140,141.533,0.3345933806146572,0,0,0,0,0,0,0,1,0,1,0,0,0
619.429,619.714,0.0,0.0,206.0,0.0,0.0,206.857,30,0.0,691.857,0.0,1.4,140,129.39,0.313401492526468,0,0,0,0,1,0,0,1,0,1,0,0,0
620.2,621.4,0.0,0.0,207.8,0.0,0.0,206.8,30,0.0,698.0,0.0,1.246,120,119.102,0.287269657501206,0,0,0,0,1,0,0,1,0,0,0,0,0
619.833,619.5,0.0,0.0,205.667,0.0,0.0,207.167,30,0.0,682.333,0.0,1.255,130,132.71,0.3214609261834054,0,0,0,0,1,0,0,1,0,0,0,0,0
618.0,620.25,0.0,0.0,206.0,0.0,0.0,206.75,30,0.0,684.75,0.0,1.278,130,139.04,0.336862507571169,0,0,0,0,1,0,0,1,0,0,0,0,0
618.5,620.25,0.0,0.0,207.25,0.0,0.0,207.25,30,0.0,683.0,0.0,1.305,130,141.203,0.3406586248492159,0,0,0,0,1,0,0,1,0,1,0,0,0
619.667,620.833,0.0,0.0,207.167,0.0,0.0,207.0,30,0.0,685.833,0.0,1.392,140,140.395,0.3389816185258603,0,0,0,0,1,0,0,1,0,0,0,0,0
620.429,622.571,0.0,0.0,207.143,0.0,0.0,207.0,30,0.0,697.714,0.0,1.391,130,125.664,0.3034314234455248,0,0,0,0,1,0,0,1,0,1,0,0,0
617.966,617.119,0.0,0.0,207.119,0.0,0.0,206.949,30,0.0,675.085,0.0,1.317,120,146.251,0.3532052706318769,0,0,0,0,1,0,0,1,0,1,0,0,0
622.429,622.429,0.0,0.0,208.143,0.0,0.0,207.143,30,0.0,705.571,0.0,1.269,130,114.293,0.2752151529307513,0,0,0,0,1,0,0,1,0,0,0,0,0
557.857,678.714,0.0,395.0,0.0,0.0,0.0,0.0,30,0.0,704.286,0.0,1.581,140,141.216,0.3575088607594937,0,0,0,0,0,0,0,1,0,0,0,0,0
535.231,654.308,0.0,0.0,320.769,0.0,0.0,101.846,30,0.0,748.308,0.0,1.422,140,141.943,0.3358683435277972,0,0,0,0,1,0,0,1,0,0,0,0,0
534.714,658.429,0.0,0.0,320.571,0.0,0.0,101.714,30,0.0,745.714,0.0,1.42,140,146.207,0.3462282581668778,0,0,0,0,1,0,0,1,0,0,0,0,0
585.2,666.8,0.0,0.0,211.2,0.0,0.0,210.8,35,0.0,734.0,0.0,1.244,120,101.886,0.241436018957346,0,0,0,0,1,0,0,1,0,0,0,0,0
619.714,621.857,0.0,0.0,206.714,0.0,0.0,207.143,30,0.0,707.714,0.0,1.253,120,112.507,0.2718499385053292,0,0,0,0,1,0,0,1,0,0,0,0,0
619.8,621.6,0.0,0.0,205.8,0.0,0.0,206.8,30,0.0,670.0,0.0,1.244,130,150.458,0.364658264663112,0,0,0,0,1,0,0,1,0,0,0,0,0
618.571,618.857,0.0,0.0,206.286,0.0,0.0,207.0,30,0.0,656.571,0.0,1.417,140,168.27,0.4071514641192782,0,0,0,0,1,0,0,1,0,1,0,0,0
518.571,777.714,0.0,421.286,0.0,0.0,0.0,0.0,35,0.0,619.429,0.0,1.507,140,163.821,0.3888593497054257,0,0,0,0,0,0,0,1,0,0,0,0,0
618.286,619.571,0.0,0.0,206.857,0.0,0.0,206.857,30,0.0,654.714,0.0,1.441,140,168.62,0.4075762483261384,0,0,0,0,1,0,0,1,0,0,0,0,0
566.571,568.857,0.0,0.0,239.571,0.0,0.0,239.857,40,0.0,753.714,0.0,1.503,100,149.427,0.3116776658851798,0,0,0,0,1,0,0,1,0,0,0,0,1
678.286,509.571,0.0,364.286,0.0,0.0,0.0,0.0,20,0.0,695.714,0.0,0.994,100,159.331,0.4373788726440214,0,0,0,0,0,0,0,1,0,0,0,0,0
616.667,618.667,0.0,0.0,206.833,0.0,0.0,206.833,30,0.0,679.5,0.0,1.352,120,143.805,0.347635532047594,0,0,0,0,1,0,0,1,0,1,0,0,0
619.143,621.429,0.0,0.0,206.286,0.0,0.0,206.714,30,0.0,671.714,0.0,1.373,140,151.833,0.3676343825665859,0,0,0,0,1,0,0,1,0,1,0,0,0
698.0,539.571,0.0,0.0,205.857,0.0,0.0,205.286,30,0.0,690.429,0.0,1.383,125,146.893,0.3572795839890257,0,0,0,0,1,0,0,1,0,0,0,0,0
543.429,686.571,0.0,422.429,0.0,0.0,0.0,0.0,35,0.0,688.429,0.0,1.303,150,137.876,0.3263885765418568,0,0,0,0,0,0,0,1,0,1,0,0,0
619.429,622.0,0.0,0.0,206.857,0.0,0.0,206.286,30,0.0,686.571,0.0,1.32,140,138.393,0.334976025250337,0,0,0,0,1,0,0,1,0,1,0,0,0
620.143,619.714,0.0,0.0,205.857,0.0,0.0,206.857,30,0.0,715.571,0.0,1.243,120,108.06,0.2618278032729687,0,0,0,0,1,0,0,1,0,0,0,0,0
620.25,620.25,0.0,0.0,207.5,0.0,0.0,207.0,30,0.0,698.5,0.0,1.258,130,126.203,0.3044704463208685,0,0,0,0,1,0,0,1,0,0,0,0,0
619.25,620.75,0.0,0.0,205.5,0.0,0.0,207.25,30,0.0,678.5,0.0,1.483,130,144.028,0.3489473046638401,0,0,0,0,1,0,0,1,0,1,0,0,0
618.857,621.571,0.0,0.0,207.286,0.0,0.0,207.286,30,0.0,659.286,0.0,1.393,140,165.621,0.3994987601671121,0,0,0,0,1,0,0,1,0,0,0,0,0
475.286,715.571,0.0,0.0,232.0,0.0,0.0,232.143,35,0.0,671.143,0.0,1.526,140,160.314,0.345397862296749,0,0,0,0,1,0,0,1,0,0,0,0,0
619.714,618.0,0.0,0.0,207.143,0.0,0.0,207.143,30,0.0,656.286,0.0,1.399,140,168.577,0.4069097193726073,0,0,0,0,1,0,0,1,0,0,0,0,0
619.571,619.714,0.0,0.0,207.143,0.0,0.0,206.571,30,0.0,666.571,0.0,1.31,130,156.85,0.3791266430432618,0,0,0,0,1,0,0,1,0,1,0,0,0
619.714,620.714,0.0,0.0,205.857,0.0,0.0,207.0,30,0.0,726.714,0.0,1.224,130,94.599,0.2291326052361956,0,0,0,0,1,0,0,1,0,0,0,0,0
681.143,512.571,0.0,0.0,150.143,0.0,0.0,149.857,20,0.0,839.0,0.0,1.344,130,120.364,0.4012133333333334,0,0,0,0,1,0,0,1,0,0,0,0,0
617.25,619.25,0.0,0.0,205.5,0.0,0.0,207.25,30,0.0,696.25,0.0,1.255,130,127.235,0.3082616596002423,0,0,0,0,1,0,0,1,0,0,0,0,0
618.429,621.286,0.0,0.0,206.571,0.0,0.0,207.0,30,0.0,684.0,0.0,1.499,130,139.489,0.3372794514122122,0,0,0,0,1,0,0,1,0,1,0,0,0
619.429,618.571,0.0,0.0,208.571,0.0,0.0,207.0,30,0.0,668.0,0.0,1.394,130,153.956,0.3704685841889833,0,0,0,0,1,0,0,1,0,0,0,0,0
477.857,716.0,0.0,0.0,231.714,0.0,0.0,232.143,35,0.0,703.429,0.0,1.897,120,128.937,0.2779671321118362,0,0,0,0,1,0,0,1,0,0,0,0,0
620.4,619.2,0.0,0.0,207.0,0.0,0.0,206.2,30,0.0,709.6,0.0,1.246,130,114.84,0.2779283639883834,0,0,0,0,1,0,0,1,0,0,0,0,0
524.0,777.429,0.0,422.143,0.0,0.0,0.0,0.0,35,0.0,648.143,0.0,1.581,130,129.32,0.3063416899012894,0,0,0,0,0,0,0,1,0,0,0,0,0
620.333,619.167,0.0,0.0,206.833,0.0,0.0,206.5,30,0.0,696.167,0.0,1.422,150,131.112,0.3172067074247641,0,0,0,0,1,0,0,1,0,0,0,0,0
566.143,565.143,0.0,0.0,241.714,0.0,0.0,239.571,40,0.0,764.429,0.0,1.601,150,135.21,0.2809354124894813,0,0,0,0,1,0,0,1,0,0,0,0,1
558.429,645.143,0.0,0.0,199.857,0.0,150.0,0.0,20,723.0,0.0,0.0,1.046,110,135.939,0.3885558956945266,0,0,0,0,0,1,0,1,0,0,0,0,0
456.8,681.8,0.0,0.0,421.6,0.0,0.0,0.0,35,721.6,0.0,0.0,2.734,120,142.584,0.3381973434535104,0,0,0,1,0,0,0,1,0,1,0,0,0
499.6,631.8,0.0,0.0,275.0,0.0,155.0,0.0,30,691.2,0.0,0.0,1.73,120,146.618,0.3409720930232558,0,0,0,0,0,1,0,1,0,0,0,0,1
511.6,632.6,0.0,0.0,243.4,0.0,155.0,0.0,25,717.6,0.0,0.0,1.904,100,143.722,0.3607479919678716,0,0,0,0,0,1,0,1,0,0,0,0,0
589.143,589.429,0.0,0.0,200.0,0.0,149.857,0.0,20,723.143,0.0,0.0,1.056,100,143.729,0.4108221359012397,0,0,0,0,0,1,0,1,0,0,0,0,1
508.429,631.857,0.0,0.0,245.714,0.0,155.286,0.0,25,722.429,0.0,0.0,1.919,110,144.366,0.3600149625935162,0,0,0,0,0,1,0,1,0,0,0,0,0
458.429,680.0,0.0,0.0,244.857,0.0,154.143,0.0,25,721.857,0.0,0.0,1.896,120,135.739,0.3401979949874687,0,0,0,0,0,1,0,1,0,0,0,0,0
457.0,681.571,0.0,0.0,419.286,0.0,0.0,0.0,35,711.143,0.0,0.0,2.739,120,151.539,0.361421559508307,0,0,0,1,0,0,0,1,0,1,0,0,0
494.857,633.714,0.0,0.0,275.0,0.0,155.0,0.0,30,701.143,0.0,0.0,1.717,110,139.016,0.3232930232558139,0,0,0,0,0,1,0,1,0,0,0,0,1
495.6,633.6,0.0,0.0,273.8,0.0,154.8,0.0,30,693.0,0.0,0.0,1.708,110,148.262,0.3459216052263182,0,0,0,0,0,1,0,1,0,0,0,0,1
507.857,630.857,0.0,0.0,246.143,0.0,155.286,0.0,25,712.857,0.0,0.0,1.941,110,147.756,0.3680750518771688,0,0,0,0,0,1,0,1,0,0,0,0,0
495.556,636.667,0.0,0.0,275.333,0.0,154.222,0.0,30,708.667,0.0,0.0,1.707,120,131.047,0.3050761834922187,0,0,0,0,0,1,0,1,0,0,0,0,1
506.714,630.0,0.0,0.0,244.857,0.0,154.857,0.0,25,717.286,0.0,0.0,1.906,120,148.05,0.3703898287275402,0,0,0,0,0,1,0,1,0,0,0,0,0
539.833,640.0,0.0,0.0,198.5,0.0,150.333,0.0,20,721.0,0.0,0.0,1.058,110,150.803,0.4323071498396081,0,0,0,0,0,1,0,1,0,0,0,0,0
489.333,630.0,0.0,0.0,276.333,0.0,154.667,0.0,30,694.333,0.0,0.0,1.71,110,156.48,0.3630626450116009,0,0,0,0,0,1,0,1,0,0,0,0,1
506.2,630.8,0.0,0.0,248.4,0.0,155.2,0.0,25,719.4,0.0,0.0,1.914,100,142.342,0.3526808721506442,0,0,0,0,0,1,0,1,0,0,0,0,0
0.0,951.286,0.0,0.0,218.571,0.0,129.714,0.0,20,957.857,0.0,0.0,1.396,110,139.306,0.3999770303056406,0,0,0,0,0,1,0,1,0,0,0,0,0
493.333,631.833,0.0,0.0,270.5,0.0,160.5,0.0,30,690.667,0.0,0.0,1.308,125,153.093,0.3552041763341067,0,0,0,0,0,1,0,1,0,0,0,0,0
494.857,629.429,0.0,0.0,275.429,0.0,156.0,0.0,30,689.714,0.0,0.0,1.711,110,151.337,0.3507807773700887,0,0,0,0,0,1,0,1,0,0,0,0,1
488.333,633.0,0.0,0.0,278.0,0.0,155.0,0.0,30,691.0,0.0,0.0,1.703,120,146.44,0.3381986143187067,0,0,0,0,0,1,0,1,0,0,0,0,1
506.4,627.4,0.0,0.0,243.0,0.0,154.4,0.0,25,716.2,0.0,0.0,1.896,110,147.59,0.371389028686462,0,0,0,0,0,1,0,1,0,0,0,0,0
0.0,917.714,0.0,0.0,250.143,0.0,150.429,0.0,25,922.429,0.0,0.0,1.799,110,147.797,0.3689648802212835,0,0,0,0,0,1,0,1,0,0,0,0,0
508.714,630.857,0.0,0.0,244.286,0.0,154.857,0.0,25,717.0,0.0,0.0,1.907,120,138.424,0.3468030254820954,0,0,0,0,0,1,0,1,0,0,0,0,0
507.429,630.571,0.0,0.0,245.0,0.0,155.0,0.0,25,717.0,0.0,0.0,1.914,110,147.9,0.36975,0,0,0,0,0,1,0,1,0,0,0,0,0
492.0,632.25,0.0,0.0,275.25,0.0,156.5,0.0,30,708.5,0.0,0.0,1.72,130,146.95,0.3403590040532715,0,0,0,0,0,1,0,1,0,0,0,0,1
506.429,630.429,0.0,0.0,244.857,0.0,154.714,0.0,25,724.571,0.0,0.0,1.899,100,140.954,0.3527633386807351,0,0,0,0,0,1,0,1,0,0,0,0,0
492.333,630.667,0.0,0.0,271.667,0.0,156.667,0.0,30,703.0,0.0,0.0,1.773,110,132.95,0.3103886219632343,0,0,0,0,0,1,0,1,0,0,0,0,1
450.8,681.2,0.0,0.0,419.4,0.0,0.0,0.0,35,724.0,0.0,0.0,2.748,140,137.122,0.3269480209823558,0,0,0,1,0,0,0,1,0,1,0,0,0
494.545,632.545,0.0,0.0,273.273,0.0,155.455,0.0,30,686.909,0.0,0.0,1.727,120,148.8,0.3470732025899871,0,0,0,0,0,1,0,1,0,0,0,0,1
491.5,632.5,0.0,0.0,273.25,0.0,154.5,0.0,30,702.5,0.0,0.0,1.718,120,139.428,0.3259567504383402,0,0,0,0,0,1,0,1,0,0,0,0,1
0.0,929.857,0.0,0.0,249.429,0.0,149.857,0.0,25,930.714,0.0,0.0,1.819,110,131.327,0.3289045947015423,0,0,0,0,0,1,0,1,0,0,0,0,0
539.143,639.429,0.0,0.0,198.714,0.0,150.143,0.0,20,725.714,0.0,0.0,1.051,110,144.31,0.4136651980610967,0,0,0,0,0,1,0,1,0,0,0,0,0
508.2,631.8,0.0,0.0,244.4,0.0,154.4,0.0,25,723.2,0.0,0.0,1.906,100,144.64,0.3626880641925777,0,0,0,0,0,1,0,1,0,0,0,0,0
494.286,632.0,0.0,0.0,274.714,0.0,154.571,0.0,30,693.857,0.0,0.0,1.94,130,145.594,0.3391546408563076,0,0,0,0,0,1,0,1,0,0,0,0,0
495.143,632.714,0.0,0.0,274.857,0.0,154.857,0.0,30,690.143,0.0,0.0,1.95,120,146.367,0.3406149206216227,0,0,0,0,0,1,0,1,0,0,0,0,0
506.857,630.0,0.0,0.0,245.143,0.0,154.429,0.0,25,717.143,0.0,0.0,1.901,110,147.553,0.3692776270609552,0,0,0,0,0,1,0,1,0,0,0,0,0
492.857,634.0,0.0,0.0,275.429,0.0,154.286,0.0,30,696.286,0.0,0.0,1.734,110,150.189,0.3495083950990773,0,0,0,0,0,1,0,1,0,0,0,0,1
723.333,428.5,0.0,0.0,235.167,0.0,155.0,0.0,25,702.5,0.0,0.0,1.748,120,151.555,0.3884362337153065,0,0,0,0,0,1,0,1,0,0,0,0,1
451.429,681.714,0.0,0.0,419.571,0.0,0.0,0.0,35,705.286,0.0,0.0,2.737,130,157.803,0.3761055935705756,0,0,0,1,0,0,0,1,0,1,0,0,0
507.714,627.143,0.0,0.0,244.714,0.0,154.857,0.0,25,715.286,0.0,0.0,1.907,110,147.541,0.3692485190366668,0,0,0,0,0,1,0,1,0,0,0,0,0
494.222,630.0,0.0,0.0,274.0,0.0,154.667,0.0,30,702.667,0.0,0.0,1.72,125,152.076,0.354764887430103,0,0,0,0,0,1,0,1,0,0,0,0,1
506.286,630.0,0.0,0.0,245.143,0.0,154.143,0.0,25,719.143,0.0,0.0,1.714,110,145.764,0.3650616350185081,0,0,0,0,0,1,0,1,0,0,0,0,0
507.0,630.286,0.0,0.0,244.286,0.0,155.286,0.0,25,716.429,0.0,0.0,1.724,120,147.873,0.3700784839778563,0,0,0,0,0,1,0,1,0,0,0,0,0
490.75,633.5,0.0,0.0,276.25,0.0,153.75,0.0,30,693.75,0.0,0.0,1.705,120,147.37,0.3427209302325582,0,0,0,0,0,1,0,1,0,0,0,0,1
495.143,634.286,0.0,0.0,274.857,0.0,155.0,0.0,30,686.857,0.0,0.0,1.726,110,152.986,0.3558997527084588,0,0,0,0,0,1,0,1,0,0,0,0,0
506.571,630.0,0.0,0.0,245.429,0.0,154.429,0.0,25,718.286,0.0,0.0,1.903,120,148.143,0.3704890236033792,0,0,0,0,0,1,0,1,0,0,0,0,0
451.714,681.857,0.0,0.0,419.857,0.0,0.0,0.0,35,725.286,0.0,0.0,2.737,110,136.53,0.325182145349488,0,0,0,1,0,0,0,1,0,1,0,0,0
458.429,691.714,0.0,0.0,420.0,0.0,0.0,0.0,35,733.571,0.0,0.0,2.529,120,111.85,0.2663095238095238,0,0,0,1,0,0,0,1,0,1,0,0,0
461.286,691.429,0.0,0.0,420.571,0.0,0.0,0.0,35,727.143,0.0,0.0,2.544,110,121.086,0.2879085814285816,0,0,0,1,0,0,0,1,0,1,0,0,0
507.0,630.714,0.0,0.0,244.714,0.0,154.571,0.0,25,718.571,0.0,0.0,1.914,110,146.706,0.3674217664074533,0,0,0,0,0,1,0,1,0,0,0,0,0
508.857,630.571,0.0,0.0,245.0,0.0,155.429,0.0,25,726.0,0.0,0.0,1.897,110,140.856,0.3517627344672838,0,0,0,0,0,1,0,1,0,0,0,0,0
508.429,630.714,0.0,0.0,244.857,0.0,155.0,0.0,25,719.286,0.0,0.0,1.901,110,144.413,0.3611616152774618,0,0,0,0,0,1,0,1,0,0,0,0,0
539.0,640.571,0.0,0.0,200.429,0.0,149.286,0.0,20,722.714,0.0,0.0,1.046,120,148.439,0.4244570578899961,0,0,0,0,0,1,0,1,0,0,0,0,0
493.714,632.429,0.0,0.0,274.714,0.0,156.0,0.0,30,701.714,0.0,0.0,1.966,110,135.817,0.3153298940828485,0,0,0,0,0,1,0,1,0,0,0,0,0
414.571,626.143,0.0,0.0,381.143,0.0,0.0,0.0,30,822.714,0.0,0.0,2.853,120,139.164,0.3651228016781103,0,0,0,1,0,0,0,1,0,0,0,0,0
504.8,628.8,0.0,0.0,245.2,0.0,154.4,0.0,25,730.8,0.0,0.0,1.894,125,136.314,0.3411261261261261,0,0,0,0,0,1,0,1,0,0,0,0,0
506.833,629.5,0.0,0.0,244.5,0.0,154.667,0.0,25,703.833,0.0,0.0,1.898,150,149.133,0.3736105439577921,0,0,0,0,0,1,0,1,0,0,0,0,0
499.571,634.857,0.0,0.0,269.0,0.0,161.0,0.0,30,683.143,0.0,0.0,1.293,110,156.771,0.3645837209302325,0,0,0,0,0,1,0,1,0,0,0,0,0
541.0,641.429,0.0,0.0,200.429,0.0,149.286,0.0,20,730.714,0.0,0.0,1.053,100,139.131,0.3978410991807614,0,0,0,0,0,1,0,1,0,0,0,0,0
508.0,629.571,0.0,0.0,245.429,0.0,154.143,0.0,25,725.571,0.0,0.0,1.9,110,140.813,0.3524095782487261,0,0,0,0,0,1,0,1,0,0,0,0,0
494.714,634.714,0.0,0.0,274.857,0.0,155.286,0.0,30,686.714,0.0,0.0,1.717,110,153.404,0.3566348865377328,0,0,0,0,0,1,0,1,0,0,0,0,1
539.714,640.0,0.0,0.0,199.714,0.0,150.143,0.0,20,722.429,0.0,0.0,1.053,110,145.461,0.4157727300011148,0,0,0,0,0,1,0,1,0,0,0,0,0
450.8,683.4,0.0,0.0,421.0,0.0,0.0,0.0,35,708.2,0.0,0.0,2.53,120,152.89,0.3631591448931116,0,0,0,1,0,0,0,1,0,1,0,0,0
507.857,630.429,0.0,0.0,244.571,0.0,154.857,0.0,25,724.286,0.0,0.0,1.921,100,140.081,0.3507040067296233,0,0,0,0,0,1,0,1,0,0,0,0,0
507.571,630.571,0.0,0.0,245.429,0.0,154.429,0.0,25,726.857,0.0,0.0,1.894,100,138.507,0.3463904686163588,0,0,0,0,0,1,0,1,0,0,0,0,0
450.4,684.8,0.0,0.0,419.2,0.0,0.0,0.0,35,711.6,0.0,0.0,2.536,120,149.79,0.3573234732824427,0,0,0,1,0,0,0,1,0,1,0,0,0
518.5,630.5,0.0,0.0,271.5,0.0,158.0,0.0,30,687.0,0.0,0.0,1.295,120,153.695,0.3578463329452852,0,0,0,0,0,1,0,1,0,0,0,0,0
450.714,681.857,0.0,0.0,419.714,0.0,0.0,0.0,35,719.571,0.0,0.0,2.737,120,146.214,0.3483657919440381,0,0,0,1,0,0,0,1,0,0,0,0,0
506.0,626.5,0.0,0.0,246.0,0.0,155.167,0.0,25,712.833,0.0,0.0,1.915,100,149.892,0.3736399055754835,0,0,0,0,0,1,0,1,0,0,0,0,0
541.286,638.714,0.0,0.0,199.714,0.0,151.0,0.0,20,722.857,0.0,0.0,1.04,100,145.206,0.4140296651972832,0,0,0,0,0,1,0,1,0,0,0,0,0
493.429,633.857,0.0,0.0,274.571,0.0,154.857,0.0,30,687.143,0.0,0.0,1.937,110,152.83,0.3558920238084149,0,0,0,0,0,1,0,1,0,0,0,0,0
675.429,408.143,0.0,0.0,200.143,0.0,159.429,0.0,20,792.571,0.0,0.0,1.611,130,150.883,0.4196183240074311,0,0,0,0,0,1,0,1,0,0,0,0,0
489.75,676.5,0.0,288.5,0.0,0.0,89.75,0.0,30,718.75,0.0,0.0,2.46,110,150.978,0.3991487111698612,0,1,0,0,0,0,0,1,0,0,0,0,0
493.0,633.4,0.0,0.0,275.0,0.0,155.4,0.0,30,687.0,0.0,0.0,1.768,120,152.498,0.3543169144981412,0,0,0,0,0,1,0,1,0,0,0,0,1
457.429,685.286,0.0,0.0,367.0,0.0,0.0,0.0,25,703.571,0.0,0.0,2.751,110,155.94,0.4249046321525886,0,0,0,1,0,0,0,1,0,0,0,0,0
499.0,633.857,0.0,0.0,275.857,0.0,154.571,0.0,30,683.857,0.0,0.0,1.931,110,152.186,0.3535690057338278,0,0,0,0,0,1,0,1,0,0,0,0,0
508.714,631.429,0.0,0.0,244.571,0.0,155.286,0.0,25,711.143,0.0,0.0,1.887,110,151.481,0.3788379345616058,0,0,0,0,0,1,0,1,0,0,0,0,0
493.429,635.571,0.0,0.0,275.0,0.0,154.714,0.0,30,688.0,0.0,0.0,1.944,110,153.479,0.3571654635408668,0,0,0,0,0,1,0,1,0,0,0,0,0
508.714,629.429,0.0,0.0,244.714,0.0,155.714,0.0,25,709.571,0.0,0.0,1.89,110,142.51,0.3558941932132618,0,0,0,0,0,1,0,1,0,0,0,0,0
494.667,633.111,0.0,0.0,274.667,0.0,155.778,0.0,30,690.667,0.0,0.0,1.767,120,150.782,0.3502933011186099,0,0,0,0,0,1,0,1,0,0,0,0,1
491.8,633.2,0.0,0.0,270.6,0.0,159.2,0.0,30,684.4,0.0,0.0,1.338,120,152.624,0.3551046998604002,0,0,0,0,0,1,0,1,0,0,0,0,0
501.286,633.571,0.0,0.0,276.286,0.0,154.429,0.0,30,688.857,0.0,0.0,1.943,110,153.203,0.3556946008381412,0,0,0,0,0,1,0,1,0,0,0,0,0
514.286,631.571,0.0,0.0,259.0,0.0,129.857,0.0,25,735.429,0.0,0.0,2.15,110,146.467,0.3766603147172354,0,0,0,0,0,1,0,1,0,0,0,0,0
451.0,680.143,0.0,0.0,420.143,0.0,0.0,0.0,35,722.286,0.0,0.0,2.737,130,146.213,0.3480077021395097,0,0,0,1,0,0,0,1,0,0,0,0,0
451.286,683.286,0.0,0.0,420.143,0.0,0.0,0.0,35,725.571,0.0,0.0,2.744,130,139.187,0.3312848244526269,0,0,0,1,0,0,0,1,0,0,0,0,0
451.143,682.143,0.0,0.0,419.571,0.0,0.0,0.0,35,718.143,0.0,0.0,2.743,120,143.006,0.3408386184936518,0,0,0,1,0,0,0,1,0,0,0,0,0
508.5,630.0,0.0,0.0,243.0,0.0,155.0,0.0,25,715.167,0.0,0.0,1.887,130,147.727,0.3711733668341708,0,0,0,0,0,1,0,1,0,0,0,0,0
491.6,678.0,0.0,290.8,0.0,0.0,90.8,0.0,30,724.2,0.0,0.0,2.472,120,148.088,0.3880712788259958,0,1,0,0,0,0,0,1,0,0,0,0,0
492.444,632.889,0.0,0.0,275.111,0.0,155.556,0.0,30,696.889,0.0,0.0,1.751,110,144.502,0.3355307000536377,0,0,0,0,0,1,0,1,0,0,0,0,1
492.571,633.714,0.0,0.0,275.143,0.0,155.429,0.0,30,698.286,0.0,0.0,1.737,130,144.066,0.3345921239653298,0,0,0,0,0,1,0,1,0,0,0,0,1
578.0,578.2,0.0,0.0,240.4,119.0,149.4,0.0,25,563.6,0.0,0.0,1.31,130,147.314,0.3779220112878399,0,0,0,0,0,1,0,1,0,0,0,0,0
506.429,628.857,0.0,0.0,244.857,0.0,155.429,0.0,25,723.143,0.0,0.0,1.91,120,141.6,0.3537470708443463,0,0,0,0,0,1,0,1,0,0,0,0,0
541.143,638.714,0.0,0.0,200.143,0.0,149.857,0.0,20,721.857,0.0,0.0,1.057,130,151.151,0.43186,0,0,0,0,0,1,0,1,0,0,0,0,0
775.286,361.286,0.0,0.0,139.143,0.0,150.286,0.0,15,756.714,0.0,0.0,0.699,120,171.746,0.5933959623949225,0,0,0,0,0,1,0,1,0,0,0,0,1
492.0,636.25,0.0,0.0,276.75,0.0,154.5,0.0,30,693.5,0.0,0.0,1.718,110,149.64,0.346991304347826,0,0,0,0,0,1,0,1,0,0,0,0,1
512.429,630.429,0.0,0.0,245.429,0.0,155.0,0.0,25,718.0,0.0,0.0,1.907,100,147.191,0.3675832669462002,0,0,0,0,0,1,0,1,0,0,0,0,0
500.2,613.2,0.0,209.8,0.0,0.0,70.0,0.0,15,866.8,0.0,0.0,1.848,120,147.696,0.5278627591136525,0,1,0,0,0,0,0,1,0,0,0,0,0
493.857,632.714,0.0,0.0,275.0,0.0,155.429,0.0,30,697.571,0.0,0.0,1.949,130,142.669,0.3314576852396098,0,0,0,0,0,1,0,1,0,0,0,0,0
494.286,633.857,0.0,0.0,276.286,0.0,155.571,0.0,30,704.143,0.0,0.0,1.941,120,135.867,0.3146110865402205,0,0,0,0,0,1,0,1,0,0,0,0,0
775.714,359.0,0.0,0.0,139.571,0.0,150.429,0.0,15,752.0,0.0,0.0,0.701,120,172.543,0.5949758620689656,0,0,0,0,0,1,0,1,0,0,0,0,1
491.25,635.5,0.0,0.0,274.75,0.0,154.25,0.0,30,691.75,0.0,0.0,1.728,90,147.313,0.3433869463869463,0,0,0,0,0,1,0,1,0,0,0,0,1
510.429,632.0,0.0,0.0,245.143,0.0,154.429,0.0,25,733.0,0.0,0.0,1.899,110,141.839,0.3549773257385402,0,0,0,0,0,1,0,1,0,0,0,0,0
536.857,640.571,0.0,0.0,199.143,0.0,149.857,0.0,20,723.714,0.0,0.0,1.029,110,145.96,0.4182234957020057,0,0,0,0,0,1,0,1,0,0,0,0,0
539.0,637.143,0.0,0.0,200.857,0.0,150.0,0.0,20,717.714,0.0,0.0,1.051,130,151.746,0.4325009904319994,0,0,0,0,0,1,0,1,0,0,0,0,0
505.2,625.6,0.0,0.0,243.2,0.0,155.4,0.0,25,722.4,0.0,0.0,1.912,120,141.92,0.3560461615654791,0,0,0,0,0,1,0,1,0,0,0,0,0
579.5,581.5,0.0,0.0,242.5,0.0,147.0,0.0,25,697.5,0.0,0.0,1.285,120,138.4,0.3553273427471117,0,0,0,0,0,1,0,1,0,0,0,0,0
492.6,677.2,0.0,259.8,0.0,0.0,120.4,0.0,30,720.4,0.0,0.0,2.056,140,147.236,0.3872593371909521,0,1,0,0,0,0,0,1,0,0,0,0,0
454.571,680.429,0.0,0.0,420.0,0.0,0.0,0.0,35,718.286,0.0,0.0,2.743,150,146.813,0.3495547619047619,0,0,0,1,0,0,0,1,0,1,0,0,0
509.143,630.429,0.0,0.0,245.0,0.0,155.143,0.0,25,724.714,0.0,0.0,1.887,110,140.82,0.3519241871031106,0,0,0,0,0,1,0,1,0,0,0,0,0
636.143,532.143,0.0,0.0,235.571,0.0,165.0,0.0,25,684.143,0.0,0.0,1.427,100,156.781,0.3913937853713824,0,0,0,0,0,1,0,1,0,0,0,0,0
784.429,359.0,0.0,0.0,139.857,0.0,149.714,0.0,15,769.429,0.0,0.0,0.697,100,161.273,0.5569376767701185,0,0,0,0,0,1,0,1,0,0,0,0,1
590.571,589.143,0.0,0.0,202.143,0.0,149.857,0.0,20,708.143,0.0,0.0,1.109,140,148.13,0.4208238636363636,0,0,0,0,0,1,0,1,0,0,0,0,0
452.667,680.5,0.0,0.0,419.667,0.0,0.0,0.0,35,710.5,0.0,0.0,2.73,110,154.257,0.3675700019301018,0,0,0,1,0,0,0,1,0,1,0,0,0
494.167,633.333,0.0,0.0,275.0,0.0,156.5,0.0,30,693.167,0.0,0.0,1.748,120,146.497,0.3395063731170336,0,0,0,0,0,1,0,1,0,0,0,0,1
493.714,633.143,0.0,0.0,274.286,0.0,155.143,0.0,30,697.0,0.0,0.0,1.926,110,141.51,0.329530609250889,0,0,0,0,0,1,0,1,0,0,0,0,0
493.0,631.333,0.0,0.0,275.333,0.0,155.667,0.0,30,697.667,0.0,0.0,1.747,110,146.543,0.3400069605568445,0,0,0,0,0,1,0,1,0,0,0,0,1
491.167,678.667,0.0,289.667,0.0,0.0,90.667,0.0,30,726.833,0.0,0.0,2.47,110,144.235,0.3792324640973461,0,1,0,0,0,0,0,1,0,0,0,0,0
494.571,631.714,0.0,0.0,273.714,0.0,153.429,0.0,30,692.857,0.0,0.0,1.714,110,143.643,0.3362878473953688,0,0,0,0,0,1,0,1,0,0,0,0,1
492.2,681.6,0.0,260.2,0.0,0.0,120.2,0.0,30,733.0,0.0,0.0,2.022,140,141.874,0.3729600420609884,0,1,0,0,0,0,0,1,0,0,0,0,0
515.857,630.714,0.0,0.0,244.714,0.0,153.857,0.0,25,708.0,0.0,0.0,1.91,110,150.49,0.3775738826959312,0,0,0,0,0,1,0,1,0,0,0,0,0
508.714,630.0,0.0,0.0,245.429,0.0,154.0,0.0,25,709.857,0.0,0.0,1.9,110,147.044,0.3681355134454434,0,0,0,0,0,1,0,1,0,0,0,0,0
508.0,629.714,0.0,0.0,245.286,0.0,154.857,0.0,25,721.286,0.0,0.0,1.907,110,133.837,0.3344729259289803,0,0,0,0,0,1,0,1,0,0,0,0,0
453.714,680.143,0.0,0.0,420.0,0.0,0.0,0.0,35,715.286,0.0,0.0,2.729,120,146.059,0.3477595238095238,0,0,0,1,0,0,0,1,0,1,0,0,0
589.0,589.571,0.0,0.0,199.143,0.0,149.143,0.0,20,713.429,0.0,0.0,1.05,110,151.591,0.4352486175154902,0,0,0,0,0,1,0,1,0,0,0,0,1
494.0,636.0,0.0,0.0,275.667,0.0,154.667,0.0,30,692.667,0.0,0.0,1.777,120,137.143,0.3186896689548119,0,0,0,0,0,1,0,1,0,0,0,0,1
495.714,634.0,0.0,0.0,275.143,0.0,154.571,0.0,30,691.429,0.0,0.0,1.951,125,148.866,0.3464304165095855,0,0,0,0,0,1,0,1,0,0,0,0,0
506.571,628.286,0.0,0.0,244.571,0.0,155.571,0.0,25,724.143,0.0,0.0,1.901,120,141.816,0.3544141829650474,0,0,0,0,0,1,0,1,0,0,0,0,0
492.889,676.222,0.0,289.778,0.0,0.0,90.667,0.0,30,730.222,0.0,0.0,2.467,110,138.12,0.3630485352679099,0,1,0,0,0,0,0,1,0,0,0,0,0
492.4,678.8,0.0,259.8,0.0,0.0,119.8,0.0,30,725.8,0.0,0.0,2.024,130,143.898,0.3790779768177028,0,1,0,0,0,0,0,1,0,0,0,0,0
492.75,631.75,0.0,0.0,273.75,0.0,155.0,0.0,30,695.75,0.0,0.0,1.71,130,139.2,0.3246647230320699,0,0,0,0,0,1,0,1,0,0,0,0,1
658.857,443.0,0.0,0.0,130.429,0.0,140.286,0.0,10,839.143,0.0,0.0,0.506,100,154.426,0.57043754501967,0,0,0,0,0,1,0,1,0,0,0,0,0
413.571,624.571,0.0,0.0,380.286,0.0,0.0,0.0,30,828.0,0.0,0.0,2.87,120,128.647,0.3382901290081675,0,0,0,1,0,0,0,1,0,0,0,0,0
488.667,637.667,0.0,0.0,275.667,0.0,155.0,0.0,30,698.667,0.0,0.0,1.71,120,142.963,0.3319571734077605,0,0,0,0,0,1,0,1,0,0,0,0,1
631.714,528.286,0.0,0.0,234.857,0.0,165.0,0.0,25,692.429,0.0,0.0,1.416,120,146.394,0.3661158864293986,0,0,0,0,0,1,0,1,0,0,0,0,0
489.5,680.25,0.0,259.75,0.0,0.0,120.0,0.0,30,716.5,0.0,0.0,2.043,140,150.885,0.3973271889400922,0,1,0,0,0,0,0,1,0,0,0,0,0
507.714,628.571,0.0,0.0,245.0,0.0,155.143,0.0,25,716.429,0.0,0.0,1.797,120,147.347,0.3682358556815938,0,0,0,0,0,1,0,1,0,0,0,0,0
497.429,630.143,0.0,0.0,275.429,0.0,154.714,0.0,30,700.714,0.0,0.0,1.73,110,139.189,0.3235877371013826,0,0,0,0,0,1,0,1,0,0,0,0,0
507.714,631.571,0.0,0.0,245.571,0.0,155.714,0.0,25,722.571,0.0,0.0,1.897,100,133.674,0.333114868484992,0,0,0,0,0,1,0,1,0,0,0,0,0
495.286,633.143,0.0,0.0,275.143,0.0,155.143,0.0,30,702.571,0.0,0.0,1.963,110,138.609,0.3221322562202815,0,0,0,0,0,1,0,1,0,0,0,0,0
494.0,633.714,0.0,0.0,277.0,0.0,155.286,0.0,30,695.0,0.0,0.0,1.966,100,143.234,0.3313408252869628,0,0,0,0,0,1,0,1,0,0,0,0,0
456.615,680.0,0.0,0.0,245.538,0.0,154.0,0.0,25,712.769,0.0,0.0,1.935,90,145.063,0.3630768537660998,0,0,0,0,0,1,0,1,0,0,0,0,0
456.0,680.615,0.0,0.0,244.923,0.0,155.846,0.0,25,721.538,0.0,0.0,1.895,110,148.098,0.3695345697895795,0,0,0,0,0,1,0,1,0,0,0,0,0
507.429,630.286,0.0,0.0,244.143,0.0,154.857,0.0,25,715.714,0.0,0.0,1.794,110,147.716,0.3702155388471178,0,0,0,0,0,1,0,1,0,0,0,0,0
456.0,684.571,0.0,0.0,364.714,0.0,0.0,0.0,25,714.429,0.0,0.0,2.739,110,142.584,0.3909474272991988,0,0,0,1,0,0,0,1,0,0,0,0,0
0.0,928.222,0.0,0.0,250.0,0.0,149.778,0.0,25,945.111,0.0,0.0,1.8,110,123.987,0.3101396274932587,0,0,0,0,0,1,0,1,0,0,0,0,0
457.143,684.857,0.0,0.0,418.286,0.0,0.0,0.0,35,713.571,0.0,0.0,2.726,140,138.27,0.330563298795561,0,0,0,1,0,0,0,1,0,1,0,0,0
506.6,630.0,0.0,0.0,245.4,0.0,155.0,0.0,25,730.8,0.0,0.0,1.926,110,133.626,0.3337312687312687,0,0,0,0,0,1,0,1,0,0,0,0,0
488.667,635.0,0.0,0.0,275.333,0.0,154.667,0.0,30,697.0,0.0,0.0,1.69,120,142.34,0.3310232558139535,0,0,0,0,0,1,0,1,0,0,0,0,1
979.857,0.0,0.0,0.0,140.0,403.286,110.0,60.0,15,498.571,0.0,0.0,1.107,120,159.897,0.5157967741935484,0,0,0,0,0,0,1,0,0,0,0,0,0
544.462,560.154,0.0,0.0,230.154,397.231,108.923,0.0,25,470.308,0.0,0.0,1.906,110,111.455,0.3287011504761455,0,0,0,0,0,1,0,1,0,0,0,0,0
534.429,603.571,0.0,0.0,280.857,195.571,159.857,0.0,30,493.429,0.0,0.0,1.313,120,121.204,0.2750173581960182,0,0,0,0,0,1,0,1,0,0,0,0,0
546.286,620.571,0.0,0.0,260.143,134.0,139.571,0.0,25,523.429,0.0,0.0,1.19,130,156.321,0.3910821237184587,0,0,0,0,0,1,0,1,0,0,0,0,0
630.571,539.286,0.0,0.0,279.714,181.143,129.857,0.0,30,462.429,0.0,0.0,2.001,120,171.161,0.4179031230238469,0,0,0,0,0,1,0,1,0,0,0,0,0
509.0,590.571,0.0,0.0,320.0,184.0,150.286,0.0,30,484.429,0.0,0.0,2.504,125,144.97,0.3082592294901401,0,0,0,0,0,1,0,1,0,0,0,0,0
753.429,400.714,0.0,0.0,130.857,446.714,100.143,70.429,15,320.714,0.0,0.0,0.689,115,139.18,0.4617339406626437,0,0,0,0,0,0,1,0,0,0,0,0,0
546.615,560.154,0.0,0.0,229.846,395.538,108.923,0.0,25,472.462,0.0,0.0,1.9,125,108.766,0.3210624348745015,0,0,0,0,0,1,0,1,0,0,0,0,0
537.333,556.833,0.0,0.0,239.5,230.833,100.0,0.0,25,618.5,0.0,0.0,1.182,110,135.908,0.4003181148748159,0,0,0,0,0,1,0,1,0,0,0,0,0
529.143,600.143,0.0,0.0,279.857,187.143,159.857,0.0,30,479.286,0.0,0.0,1.3,135,150.227,0.3416470705958873,0,0,0,0,0,1,0,1,0,0,0,0,0
532.0,599.714,0.0,0.0,280.0,180.714,159.857,0.0,30,473.857,0.0,0.0,1.307,130,169.023,0.3842680689405875,0,0,0,0,0,1,0,1,0,0,0,0,0
539.143,640.571,0.0,0.0,219.714,149.286,139.857,0.0,20,555.0,0.0,0.0,1.024,125,131.997,0.3670957891487356,0,0,0,0,0,1,0,1,0,0,0,0,0
570.286,608.857,0.0,0.0,234.857,161.571,155.143,0.0,25,481.714,0.0,0.0,1.919,120,182.284,0.4673948717948718,0,0,0,0,0,1,0,1,0,0,0,0,0
531.286,631.286,0.0,0.0,210.429,104.429,150.286,0.0,20,590.571,0.0,0.0,1.801,120,183.71,0.509294041001899,0,0,0,0,0,1,0,1,0,0,0,0,0
570.286,609.571,0.0,0.0,235.143,160.429,155.0,0.0,25,479.143,0.0,0.0,1.897,130,184.426,0.4727138510751185,0,0,0,0,0,1,0,1,0,0,0,0,0
510.0,639.714,0.0,0.0,250.143,136.571,130.0,0.0,25,555.857,0.0,0.0,1.544,120,142.476,0.3747958005276961,0,0,0,0,0,1,0,1,0,0,0,0,0
561.0,621.0,0.0,0.0,210.286,151.429,139.857,0.0,20,545.286,0.0,0.0,1.457,120,140.543,0.4013874331344622,0,0,0,0,0,1,0,1,0,0,0,0,0
563.429,619.429,0.0,0.0,209.857,156.571,140.143,0.0,20,551.714,0.0,0.0,1.609,130,143.047,0.4087057142857143,0,0,0,0,0,1,0,1,0,0,0,0,0
529.714,601.429,0.0,0.0,279.857,183.714,160.0,0.0,30,479.714,0.0,0.0,1.834,125,147.739,0.3358796154204662,0,0,0,0,0,1,0,1,0,0,0,0,0
529.143,600.0,0.0,0.0,280.857,183.286,160.286,0.0,30,478.429,0.0,0.0,1.797,125,156.58,0.3549415949023332,0,0,0,0,0,1,0,1,0,0,0,0,0
529.714,629.714,0.0,0.0,210.0,105.0,150.0,0.0,20,600.714,0.0,0.0,1.693,125,143.31,0.3980833333333333,0,0,0,0,0,1,0,1,0,0,0,0,0
529.0,629.857,0.0,0.0,210.286,110.571,150.0,0.0,20,613.429,0.0,0.0,1.806,130,125.896,0.3494335056038814,0,0,0,0,0,1,0,1,0,0,0,0,0
562.4,538.4,0.0,0.0,180.0,336.2,80.4,79.2,25,508.6,0.0,0.0,1.194,110,137.528,0.4049705535924618,0,0,0,0,0,0,1,1,0,0,0,0,0
446.143,666.571,0.0,0.0,299.571,197.571,115.143,0.0,25,513.429,0.0,0.0,0.759,110,149.684,0.3609330767709795,0,0,0,0,0,1,0,1,0,0,0,0,0
530.571,631.0,0.0,0.0,210.0,101.429,150.143,0.0,20,589.857,0.0,0.0,1.803,130,184.994,0.5136681818055605,0,0,0,0,0,1,0,1,0,0,0,0,0
990.714,0.0,0.0,0.0,140.857,599.571,130.0,0.0,10,325.143,0.0,0.0,0.801,120,192.724,0.711534130555976,0,0,0,0,0,1,0,1,0,0,0,0,0
512.0,642.0,0.0,0.0,250.0,134.0,130.571,0.0,25,564.571,0.0,0.0,1.824,130,134.18,0.3525754721195257,0,0,0,0,0,1,0,1,0,0,0,0,0
550.857,610.857,0.0,0.0,239.857,164.571,150.143,0.0,25,516.714,0.0,0.0,1.803,130,143.876,0.3689128205128205,0,0,0,0,0,1,0,1,0,0,0,0,0
530.429,639.0,0.0,0.0,240.714,130.571,140.143,0.0,25,556.571,0.0,0.0,1.811,130,133.901,0.3515781513796518,0,0,0,0,0,1,0,1,0,0,0,0,0
454.0,665.2,0.0,0.0,300.0,195.2,114.8,0.0,25,531.2,0.0,0.0,0.658,100,130.554,0.3147396335583414,0,0,0,0,0,1,0,1,0,0,0,0,0
512.286,639.429,0.0,0.0,250.429,138.429,130.143,0.0,25,564.571,0.0,0.0,1.814,120,134.46,0.3533102803148944,0,0,0,0,0,1,0,1,0,0,0,0,0
545.667,637.333,0.0,0.0,235.0,168.0,155.0,0.0,25,500.667,0.0,0.0,1.903,130,149.757,0.3839923076923077,0,0,0,0,0,1,0,1,0,0,0,0,0
530.143,649.571,0.0,0.0,220.0,105.429,119.857,0.0,20,624.714,0.0,0.0,1.706,125,139.737,0.4111641072568757,0,0,0,0,0,1,0,1,0,0,0,0,0
758.571,399.571,0.0,0.0,130.0,447.286,100.143,70.143,15,329.571,0.0,0.0,0.577,130,125.35,0.4174353782727133,0,0,0,0,0,0,1,0,0,0,0,0,0
550.167,609.0,0.0,0.0,240.167,166.667,150.0,0.0,25,511.333,0.0,0.0,1.803,125,149.123,0.3822030053797476,0,0,0,0,0,1,0,1,0,0,0,0,0
517.538,590.154,0.0,0.0,290.308,201.538,159.692,0.0,30,455.846,0.0,0.0,2.194,130,158.803,0.3528955555555556,0,0,0,0,0,1,0,1,0,0,0,0,0
524.429,609.571,0.0,0.0,300.143,160.286,150.286,0.0,30,483.143,0.0,0.0,1.309,130,153.546,0.3408883531033748,0,0,0,0,0,1,0,1,0,0,0,0,0
523.143,609.857,0.0,0.0,301.0,159.0,150.0,0.0,30,482.714,0.0,0.0,1.31,125,151.606,0.3361552106430155,0,0,0,0,0,1,0,1,0,0,0,0,0
630.429,539.286,0.0,0.0,270.143,200.143,139.857,0.0,30,446.143,0.0,0.0,1.9,130,165.19,0.4029024390243902,0,0,0,0,0,1,0,1,0,0,0,0,0
510.143,590.286,0.0,0.0,319.571,182.714,150.714,0.0,30,473.0,0.0,0.0,2.22,130,156.023,0.3317626545605324,0,0,0,0,0,1,0,1,0,0,0,0,0
499.571,681.143,0.0,0.0,220.571,127.714,129.857,0.0,20,575.571,0.0,0.0,1.403,125,140.006,0.3995285764836143,0,0,0,0,0,1,0,1,0,0,0,0,0
438.667,672.0,0.0,0.0,301.333,196.667,115.333,0.0,25,514.0,0.0,0.0,0.8,110,154.927,0.3718253949206318,0,0,0,0,0,1,0,1,0,0,0,0,0
570.857,610.286,0.0,0.0,234.857,162.286,154.857,0.0,25,480.429,0.0,0.0,1.913,130,187.141,0.4802008652499012,0,0,0,0,0,1,0,1,0,0,0,0,0
559.143,589.429,0.0,0.0,235.143,193.429,165.857,0.0,25,466.143,0.0,0.0,1.801,130,171.033,0.4265162094763092,0,0,0,0,0,1,0,1,0,0,0,0,0
508.6,590.0,0.0,0.0,320.8,181.8,150.4,0.0,30,473.8,0.0,0.0,2.3,135,158.01,0.3353353140916808,0,0,0,0,0,1,0,1,0,0,0,0,0
319.6,541.6,0.0,0.0,272.0,202.4,139.2,0.0,30,773.6,0.0,0.0,1.904,110,156.46,0.3804961089494164,0,0,0,0,0,1,0,1,0,0,0,0,0
529.429,639.286,0.0,0.0,230.571,260.571,119.857,0.0,20,460.429,0.0,0.0,1.397,125,138.907,0.3963924115652859,0,0,0,0,0,1,0,1,0,0,0,0,0
509.714,611.0,0.0,0.0,299.857,170.0,150.286,0.0,30,480.429,0.0,0.0,1.3,140,156.043,0.3466520638996941,0,0,0,0,0,1,0,1,0,0,0,0,0
517.571,610.429,0.0,0.0,300.0,164.286,149.857,0.0,30,481.857,0.0,0.0,1.449,130,158.794,0.3529877272110916,0,0,0,0,0,1,0,1,0,0,0,0,0
509.429,610.0,350.0,0.0,0.0,0.0,70.143,0.0,30,687.143,0.0,0.0,2.509,130,181.006,0.4308199827201691,0,1,0,0,0,0,0,1,0,0,0,0,0
521.571,580.143,0.0,0.0,300.0,180.286,150.0,0.0,30,487.571,0.0,0.0,2.099,125,165.626,0.3680577777777778,0,0,0,0,0,1,0,1,0,0,0,0,0
520.667,579.667,0.0,0.0,300.667,180.167,149.833,0.0,30,488.167,0.0,0.0,2.108,130,168.73,0.3745394006659267,0,0,0,0,0,1,0,1,0,0,0,0,0
804.615,299.692,0.0,0.0,120.462,606.615,90.769,60.308,15,204.615,0.0,0.0,0.517,130,179.914,0.662571490651435,0,0,0,0,0,0,1,0,0,0,0,0,0
558.429,538.143,0.0,0.0,180.286,326.0,80.143,79.143,25,503.0,0.0,0.0,1.206,120,157.693,0.464387523117336,0,0,0,0,0,0,1,1,0,0,0,0,0
529.286,619.857,0.0,0.0,241.857,179.571,150.0,0.0,25,481.714,0.0,0.0,2.139,120,181.883,0.4641565673192007,0,0,0,0,0,1,0,1,0,0,0,0,0
539.714,639.429,0.0,0.0,235.286,172.857,155.286,0.0,25,485.857,0.0,0.0,1.906,130,163.463,0.4185220650737892,0,0,0,0,0,1,0,1,0,0,0,0,0
510.571,610.0,0.0,0.0,300.143,172.571,150.571,0.0,30,482.0,0.0,0.0,1.45,130,165.154,0.3664274906037976,0,0,0,0,0,1,0,1,0,0,0,0,0
510.286,609.286,0.0,0.0,300.143,172.571,149.857,0.0,30,481.571,0.0,0.0,1.634,135,170.4,0.3786666666666667,0,0,0,0,0,1,0,1,0,0,0,0,0
557.5,536.333,0.0,0.0,180.167,322.0,80.167,79.333,25,499.5,0.0,0.0,1.207,110,170.728,0.5026334615962104,0,0,0,0,0,0,1,1,0,0,0,0,0
419.286,728.857,0.0,0.0,220.714,141.571,139.857,0.0,20,559.429,0.0,0.0,1.997,130,178.443,0.494890049393878,0,0,0,0,0,1,0,1,0,0,0,0,0
499.571,659.571,0.0,0.0,220.143,0.0,130.0,0.0,20,710.286,0.0,0.0,1.5,140,159.481,0.4554739063753951,0,0,0,0,0,1,0,1,0,0,0,0,0
510.667,590.5,0.0,0.0,319.5,182.833,149.833,0.0,30,468.833,0.0,0.0,2.308,125,155.895,0.3321628779565895,0,0,0,0,0,1,0,1,0,0,0,0,0
638.5,543.0,0.0,0.0,269.75,217.5,140.25,0.0,30,467.25,0.0,0.0,1.915,120,113.305,0.2763536585365854,0,0,0,0,0,1,0,1,0,0,0,0,0
566.667,539.0,0.0,0.0,180.5,435.667,59.167,100.5,25,449.5,0.0,0.0,1.403,110,97.185,0.2856979072044025,0,0,0,0,0,0,1,1,0,0,0,0,0
538.429,600.429,0.0,0.0,279.857,177.571,160.0,0.0,30,477.143,0.0,0.0,2.0,125,148.576,0.3377825065873681,0,0,0,0,0,1,0,1,0,0,0,0,0
557.571,539.143,0.0,0.0,180.0,323.0,79.571,79.286,25,502.286,0.0,0.0,1.057,110,171.514,0.5061545135558657,0,0,0,0,0,0,1,1,0,0,0,0,0
510.143,609.571,0.0,0.0,300.0,170.286,150.0,0.0,30,480.857,0.0,0.0,1.551,125,165.987,0.36886,0,0,0,0,0,1,0,1,0,0,0,0,0
540.667,630.5,0.0,0.0,249.667,124.0,129.333,0.0,25,570.0,0.0,0.0,2.203,120,153.91,0.4060949868073879,0,0,0,0,0,1,0,1,0,0,0,0,0
509.714,619.143,0.0,0.0,250.0,160.0,150.143,0.0,25,527.571,0.0,0.0,1.899,130,157.197,0.392852055390198,0,0,0,0,0,1,0,1,0,0,0,0,0
537.714,557.0,0.0,0.0,239.571,221.571,100.0,0.0,25,610.0,0.0,0.0,1.606,120,160.163,0.4716627745007672,0,0,0,0,0,1,0,1,0,0,0,0,0
538.429,556.429,0.0,0.0,238.714,221.286,100.0,0.0,25,613.571,0.0,0.0,1.606,120,160.441,0.4736769073613727,0,0,0,0,0,1,0,1,0,0,0,0,0
557.429,538.429,0.0,0.0,180.429,334.857,80.0,79.571,25,504.286,0.0,0.0,1.03,120,148.306,0.4361941176470588,0,0,0,0,0,0,1,1,0,0,0,0,0
629.429,539.143,0.0,0.0,280.429,182.0,129.857,0.0,30,460.0,0.0,0.0,2.006,110,176.154,0.4293444085345345,0,0,0,0,0,1,0,1,0,0,0,0,0
538.143,558.0,0.0,0.0,238.857,223.857,100.143,0.0,25,609.714,0.0,0.0,1.6,125,153.534,0.4529026548672566,0,0,0,0,0,1,0,1,0,0,0,0,0
560.143,599.857,0.0,0.0,200.143,184.143,160.143,0.0,20,516.857,0.0,0.0,1.609,125,148.839,0.4131134709647336,0,0,0,0,0,1,0,1,0,0,0,0,0
536.857,556.714,0.0,0.0,239.0,224.714,100.429,0.0,25,617.857,0.0,0.0,1.599,120,141.094,0.4156804515819214,0,0,0,0,0,1,0,1,0,0,0,0,0
751.143,402.0,0.0,0.0,130.429,456.0,100.857,70.714,15,312.714,0.0,0.0,0.606,120,132.824,0.4398145695364239,0,0,0,0,0,0,1,0,0,0,0,0,0
531.714,649.571,0.0,0.0,220.714,105.571,120.143,0.0,20,613.286,0.0,0.0,1.149,130,144.987,0.4253601950378018,0,0,0,0,0,1,0,1,0,0,0,0,0
549.143,609.429,0.0,0.0,269.571,723.714,100.429,0.0,25,0.0,0.0,0.0,1.306,120,144.156,0.3896108108108108,0,0,0,0,0,1,0,1,0,0,0,0,0
515.143,613.0,0.0,0.0,299.571,165.143,147.0,0.0,30,479.0,0.0,0.0,1.303,130,153.554,0.3438512576947451,0,0,0,0,0,1,0,1,0,0,0,0,0
630.286,539.143,0.0,0.0,270.143,200.429,140.286,0.0,30,451.286,0.0,0.0,1.904,130,161.187,0.3927280966988201,0,0,0,0,0,1,0,1,0,0,0,0,0
550.571,610.571,0.0,0.0,240.286,163.857,150.286,0.0,25,522.429,0.0,0.0,1.413,130,138.051,0.3534585172516206,0,0,0,0,0,1,0,1,0,0,0,0,0
629.429,541.286,0.0,0.0,271.571,204.714,140.143,0.0,30,466.571,0.0,0.0,1.903,120,148.287,0.3601699237820428,0,0,0,0,0,1,0,1,0,0,0,0,0
561.0,620.5,0.0,0.0,210.333,156.333,139.833,0.0,20,548.667,0.0,0.0,1.6,125,140.432,0.401044076238127,0,0,0,0,0,1,0,1,0,0,0,0,0
558.333,538.333,0.0,0.0,180.0,422.0,59.333,100.5,25,443.0,0.0,0.0,1.407,110,140.43,0.4132323817875251,0,0,0,0,0,0,1,1,0,0,0,0,0
531.571,600.429,0.0,0.0,280.429,183.143,159.857,0.0,30,472.714,0.0,0.0,1.307,130,161.026,0.3657304570211182,0,0,0,0,0,1,0,1,0,0,0,0,0
630.143,540.143,0.0,0.0,280.143,180.0,130.0,0.0,30,460.857,0.0,0.0,2.006,130,177.733,0.4333439800264786,0,0,0,0,0,1,0,1,0,0,0,0,0
499.286,660.857,0.0,0.0,220.143,0.0,129.857,0.0,20,707.571,0.0,0.0,1.526,140,157.197,0.4491342857142857,0,0,0,0,0,1,0,1,0,0,0,0,0
446.286,699.0,0.0,0.0,220.429,143.714,140.0,0.0,20,568.857,0.0,0.0,1.917,130,146.343,0.4060244874857462,0,0,0,0,0,1,0,1,0,0,0,0,0
558.571,536.571,0.0,0.0,179.714,422.286,59.571,100.143,25,445.143,0.0,0.0,1.269,110,127.289,0.3750103114651708,0,0,0,0,0,0,1,1,0,0,0,0,0
531.143,598.857,0.0,0.0,280.0,187.571,168.0,0.0,30,487.143,0.0,0.0,1.997,130,137.8,0.3075892857142857,0,0,0,0,0,1,0,1,0,0,0,0,0
530.571,599.0,0.0,0.0,279.857,181.714,160.286,0.0,30,470.429,0.0,0.0,1.301,130,167.643,0.3808830311966792,0,0,0,0,0,1,0,1,0,0,0,0,0
630.286,540.0,0.0,0.0,280.286,180.571,130.143,0.0,30,459.714,0.0,0.0,2.0,140,175.027,0.4264489107738488,0,0,0,0,0,1,0,1,0,0,0,0,0
512.333,569.5,0.0,0.0,289.833,200.333,160.0,0.0,30,464.333,0.0,0.0,2.202,110,170.733,0.3795475209688929,0,0,0,0,0,1,0,1,0,0,0,0,0
484.0,610.571,249.857,0.0,0.0,202.143,189.714,90.143,40,407.286,0.0,0.0,2.356,110,169.839,0.3206239593440989,0,0,1,0,0,0,0,1,0,0,0,0,0
569.714,609.714,0.0,0.0,235.143,169.714,155.0,0.0,25,500.143,0.0,0.0,1.903,120,138.633,0.3553389398246284,0,0,0,0,0,1,0,1,0,0,0,0,0
461.0,719.0,0.0,0.0,220.571,122.857,130.571,0.0,20,573.143,0.0,0.0,0.951,125,131.161,0.3735269492114301,0,0,0,0,0,1,0,1,0,0,0,0,0
520.143,630.571,0.0,0.0,220.286,143.286,149.857,0.0,20,561.143,0.0,0.0,1.597,120,155.743,0.4207644072696228,0,0,0,0,0,1,0,1,0,0,0,0,0
560.0,620.286,0.0,0.0,210.0,157.429,140.0,0.0,20,540.857,0.0,0.0,1.599,130,158.239,0.4521114285714286,0,0,0,0,0,1,0,1,0,0,0,0,0
511.143,609.857,0.0,0.0,419.571,0.0,0.0,0.0,30,730.857,0.0,0.0,2.31,125,117.877,0.2809464905820468,0,0,0,1,0,0,0,0,0,0,0,0,0
579.4,565.2,449.0,0.0,0.0,0.0,61.8,0.0,50,673.2,0.0,0.0,2.408,110,119.706,0.2343500391542678,0,1,0,0,0,0,0,1,0,0,0,0,0
564.0,538.667,0.0,0.0,179.778,421.556,59.333,100.0,25,439.556,0.0,0.0,1.478,110,131.716,0.3884155925345978,0,0,0,0,0,0,1,1,0,0,0,0,0
530.0,630.857,0.0,0.0,210.143,100.571,150.286,0.0,20,590.857,0.0,0.0,1.604,130,165.05,0.4579265264448755,0,0,0,0,0,1,0,1,0,0,0,0,0
564.308,536.615,0.0,0.0,181.692,420.615,59.231,100.154,25,436.615,0.0,0.0,1.36,110,132.914,0.3896891317796274,0,0,0,0,0,0,1,1,0,0,0,0,0
550.667,618.833,0.0,0.0,240.333,173.5,150.5,0.0,25,505.667,0.0,0.0,1.208,125,148.492,0.3799372110338687,0,0,0,0,0,1,0,1,0,0,0,0,0
557.0,538.0,0.0,0.0,179.8,320.6,80.2,79.4,25,499.8,0.0,0.0,1.23,120,168.084,0.4952386564525634,0,0,0,0,0,0,1,1,0,0,0,0,0
533.857,629.571,0.0,0.0,210.143,97.429,149.714,0.0,20,590.714,0.0,0.0,1.603,140,165.037,0.4586182844852261,0,0,0,0,0,1,0,1,0,0,0,0,0
505.286,665.143,0.0,0.0,220.0,0.0,130.0,0.0,20,722.571,0.0,0.0,1.494,135,131.083,0.3745228571428572,0,0,0,0,0,1,0,1,0,0,0,0,0
559.857,618.714,0.0,0.0,211.0,152.429,139.857,0.0,20,558.286,0.0,0.0,1.626,125,123.967,0.35332628392764,0,0,0,0,0,1,0,1,0,0,0,0,0
549.0,604.0,0.0,0.0,241.0,166.0,149.0,0.0,25,524.0,0.0,0.0,1.83,135,149.12,0.3823589743589744,0,0,0,0,0,1,0,1,0,0,0,0,0
529.167,598.833,0.0,0.0,279.833,181.667,159.833,0.0,30,480.0,0.0,0.0,1.317,130,157.518,0.3582674120809887,0,0,0,0,0,1,0,1,0,0,0,0,0
508.857,620.571,0.0,0.0,280.714,187.286,150.429,0.0,30,488.857,0.0,0.0,1.201,100,145.259,0.3369160580132345,0,0,0,0,0,1,0,1,0,0,0,0,0
532.429,632.286,0.0,0.0,210.0,100.714,150.0,0.0,20,598.0,0.0,0.0,1.601,145,151.914,0.4219833333333333,0,0,0,0,0,1,0,1,0,0,0,0,0
541.857,628.857,0.0,0.0,249.857,118.0,129.857,0.0,25,581.286,0.0,0.0,1.913,135,153.634,0.4046045181373349,0,0,0,0,0,1,0,1,0,0,0,0,0
482.857,645.0,0.0,0.0,250.571,0.0,139.857,0.0,25,731.571,0.0,0.0,1.801,110,110.68,0.283483766533138,0,0,0,0,0,1,0,1,0,0,0,0,0
482.286,623.714,0.0,0.0,249.857,0.0,139.857,0.0,25,728.286,0.0,0.0,1.803,125,116.493,0.2989192074187738,0,0,0,0,0,1,0,1,0,0,0,0,0
550.429,640.714,0.0,0.0,209.714,103.857,140.429,0.0,20,591.0,0.0,0.0,1.101,125,138.347,0.3951157098671114,0,0,0,0,0,1,0,1,0,0,0,0,0
557.667,539.0,0.0,0.0,181.667,338.0,80.333,79.667,25,515.667,0.0,0.0,1.22,110,136.23,0.398721562222866,0,0,0,0,0,0,1,1,0,0,0,0,0
510.429,608.857,0.0,0.0,300.143,114.143,150.286,0.0,30,544.429,0.0,0.0,1.511,125,149.674,0.3322921037499806,0,0,0,0,0,1,0,1,0,0,0,0,0
439.286,700.429,0.0,0.0,220.143,140.143,140.286,0.0,20,587.857,0.0,0.0,1.897,120,136.957,0.3799832976813742,0,0,0,0,0,1,0,1,0,0,0,0,0
470.571,669.857,0.0,0.0,220.714,145.286,139.857,0.0,20,588.714,0.0,0.0,1.903,125,127.834,0.3545321171142438,0,0,0,0,0,1,0,1,0,0,0,0,0
550.857,609.857,0.0,0.0,239.714,168.429,150.143,0.0,25,518.286,0.0,0.0,1.61,130,138.626,0.3555816619940133,0,0,0,0,0,1,0,1,0,0,0,0,0
440.714,701.143,0.0,0.0,220.143,144.143,140.143,0.0,20,571.286,0.0,0.0,1.907,120,142.496,0.3955080130784988,0,0,0,0,0,1,0,1,0,0,0,0,0
510.571,609.0,0.0,0.0,300.143,115.571,149.857,0.0,30,554.0,0.0,0.0,1.51,130,138.076,0.3068355555555555,0,0,0,0,0,1,0,1,0,0,0,0,0
629.0,539.714,0.0,0.0,287.714,179.857,129.857,0.0,30,459.714,0.0,0.0,2.0,125,177.871,0.4259658836461344,0,0,0,0,0,1,0,1,0,0,0,0,0
534.571,639.429,0.0,0.0,210.286,127.0,130.0,0.0,20,560.571,0.0,0.0,1.647,130,164.887,0.4845541691400763,0,0,0,0,0,1,0,1,0,0,0,0,0
540.727,610.545,0.0,0.0,230.0,0.0,129.818,0.0,20,709.455,0.0,0.0,1.907,130,141.205,0.3924345085571039,0,0,0,0,0,1,0,1,0,0,0,0,0
542.0,610.545,0.0,0.0,230.364,0.0,130.0,0.0,20,711.636,0.0,0.0,1.904,120,140.853,0.3908631272824145,0,0,0,0,0,1,0,1,0,0,0,0,0
433.167,728.833,0.0,0.0,248.667,0.0,130.333,0.0,25,712.333,0.0,0.0,0.833,130,126.545,0.333891820580475,0,0,0,0,0,1,0,1,0,0,0,0,0
530.0,630.571,0.0,0.0,209.857,102.0,150.0,0.0,20,589.429,0.0,0.0,1.806,140,165.043,0.458634957774894,0,0,0,0,0,1,0,1,0,0,0,0,0
529.857,621.0,0.0,0.0,250.286,150.0,130.0,0.0,25,550.429,0.0,0.0,1.997,130,159.071,0.4182930741599744,0,0,0,0,0,1,0,1,0,0,0,0,0
530.571,619.571,0.0,0.0,250.571,132.286,129.857,0.0,25,551.286,0.0,0.0,1.996,130,154.103,0.4050779648185728,0,0,0,0,0,1,0,1,0,0,0,0,0
539.667,609.0,0.0,0.0,230.5,0.0,129.833,0.0,20,703.5,0.0,0.0,1.912,130,151.055,0.4192094534777553,0,0,0,0,0,1,0,1,0,0,0,0,0
540.8,608.4,0.0,0.0,230.2,0.0,129.8,0.0,20,711.0,0.0,0.0,1.918,130,142.156,0.3948777777777778,0,0,0,0,0,1,0,1,0,0,0,0,0
560.857,619.714,0.0,0.0,210.143,155.571,140.429,0.0,20,550.571,0.0,0.0,1.259,125,132.277,0.3773176408840409,0,0,0,0,0,1,0,1,0,0,0,0,0
537.857,556.429,0.0,0.0,230.143,386.571,109.0,0.0,25,472.286,0.0,0.0,1.903,120,125.347,0.3695992545917208,0,0,0,0,0,1,0,1,0,0,0,0,0
751.857,400.286,0.0,0.0,130.429,451.429,100.143,70.143,15,311.286,0.0,0.0,0.614,140,149.399,0.4968125966446635,0,0,0,0,0,0,1,0,0,0,0,0,0
580.857,589.571,0.0,0.0,240.143,187.286,149.571,0.0,25,487.857,0.0,0.0,0.767,125,116.496,0.2989269053716315,0,0,0,0,0,1,0,1,0,0,0,0,0
520.0,640.429,0.0,0.0,259.857,0.0,120.286,0.0,25,669.571,0.0,0.0,2.007,140,165.17,0.434494387638336,0,0,0,0,0,1,0,1,0,0,0,0,0
540.167,610.167,0.0,0.0,280.833,164.333,149.833,0.0,30,483.167,0.0,0.0,2.013,130,156.527,0.3634533489989922,0,0,0,0,0,1,0,1,0,0,0,0,0
630.167,540.167,0.0,0.0,269.667,214.667,140.0,0.0,30,452.333,0.0,0.0,1.928,125,139.767,0.3411722203643447,0,0,0,0,0,1,0,1,0,0,0,0,0
542.0,640.143,0.0,0.0,220.429,149.286,140.286,0.0,20,561.143,0.0,0.0,0.909,125,114.277,0.3168068974120843,0,0,0,0,0,1,0,1,0,0,0,0,0
529.571,648.714,0.0,0.0,235.143,160.143,155.429,0.0,25,479.286,0.0,0.0,1.819,145,163.183,0.4178051678051678,0,0,0,0,0,1,0,1,0,0,0,0,0
530.143,650.286,0.0,0.0,234.714,162.0,155.143,0.0,25,481.571,0.0,0.0,1.804,110,165.029,0.423306494432574,0,0,0,0,0,1,0,1,0,0,0,0,0
539.667,610.5,0.0,0.0,279.833,160.5,150.167,0.0,30,482.5,0.0,0.0,1.998,130,143.957,0.3347837209302326,0,0,0,0,0,1,0,1,0,0,0,0,0
541.571,610.429,0.0,0.0,279.857,166.0,150.143,0.0,30,486.143,0.0,0.0,2.003,130,141.371,0.3287697674418605,0,0,0,0,0,1,0,1,0,0,0,0,0
499.857,620.143,0.0,0.0,300.143,126.143,129.857,0.0,30,572.857,0.0,0.0,1.901,100,138.356,0.3217581395348837,0,0,0,0,0,1,0,1,0,0,0,0,0
535.143,598.857,0.0,0.0,280.429,187.0,159.857,0.0,30,494.714,0.0,0.0,1.621,125,132.55,0.301054314695448,0,0,0,0,0,1,0,1,0,0,0,0,0
510.571,611.286,0.0,0.0,300.143,115.571,150.143,0.0,30,555.857,0.0,0.0,1.3,135,135.594,0.3011286160351421,0,0,0,0,0,1,0,1,0,0,0,0,0
599.714,549.857,0.0,0.0,234.857,189.857,165.0,0.0,25,460.714,0.0,0.0,1.804,140,181.137,0.4530044490905499,0,0,0,0,0,1,0,1,0,0,0,0,0
514.571,612.857,349.571,0.0,0.0,0.0,70.0,0.0,30,736.429,0.0,0.0,2.509,120,111.786,0.266429281337366,0,1,0,0,0,0,0,1,0,0,0,0,0
564.714,623.571,0.0,0.0,210.0,160.143,140.143,0.0,20,566.714,0.0,0.0,1.573,130,111.787,0.3192609876536158,0,0,0,0,0,1,0,1,0,0,0,0,0
749.833,402.667,0.0,0.0,130.167,444.833,100.0,70.0,15,312.667,0.0,0.0,0.405,130,133.66,0.4452854577618459,0,0,0,0,0,0,1,0,0,0,0,0,0
558.0,538.4,0.0,0.0,180.6,329.4,80.0,80.8,25,505.2,0.0,0.0,1.118,110,153.002,0.4481605155243116,0,0,0,0,0,0,1,1,0,0,0,0,0
555.857,616.857,0.0,0.0,240.0,168.429,149.857,0.0,25,535.429,0.0,0.0,1.726,125,110.401,0.2831833210638773,0,0,0,0,0,1,0,1,0,0,0,0,0
509.143,610.857,349.714,0.0,0.0,0.0,70.714,0.0,30,723.571,0.0,0.0,2.506,120,123.684,0.2941859248194697,0,1,0,0,0,0,0,1,0,0,0,0,0
563.667,625.167,0.0,0.0,209.833,158.833,140.667,0.0,20,560.667,0.0,0.0,1.642,130,117.51,0.3352639087018545,0,0,0,0,0,1,0,1,0,0,0,0,0
540.923,556.769,0.0,0.0,230.462,391.846,109.538,0.0,25,459.538,0.0,0.0,1.895,120,129.034,0.3795117647058823,0,0,0,0,0,1,0,1,0,0,0,0,0
566.5,624.167,0.0,0.0,210.0,159.0,140.333,0.0,20,566.0,0.0,0.0,1.397,130,106.853,0.3050040961028507,0,0,0,0,0,1,0,1,0,0,0,0,0
638.2,458.6,0.0,0.0,159.8,347.4,120.2,59.0,20,524.0,0.0,0.0,1.11,110,119.326,0.3519941002949852,0,0,0,0,0,0,1,1,0,0,0,0,0
546.167,600.5,0.0,0.0,279.667,177.333,160.0,0.0,30,480.667,0.0,0.0,1.333,120,151.393,0.3443355994423052,0,0,0,0,0,1,0,1,0,0,0,0,0
539.167,610.167,0.0,0.0,230.167,0.0,130.0,0.0,20,712.167,0.0,0.0,1.903,130,137.498,0.3817617938345267,0,0,0,0,0,1,0,1,0,0,0,0,0
541.0,612.833,0.0,0.0,230.5,0.0,130.333,0.0,20,709.5,0.0,0.0,1.895,120,139.438,0.386433613333592,0,0,0,0,0,1,0,1,0,0,0,0,0
629.5,540.333,0.0,0.0,270.5,217.667,140.167,0.0,30,461.0,0.0,0.0,1.368,110,122.675,0.2987213484404639,0,0,0,0,0,1,0,1,0,0,0,0,0
551.667,620.0,0.0,0.0,279.833,149.333,149.833,0.0,30,486.833,0.0,0.0,0.975,110,138.168,0.321570708410719,0,0,0,0,0,1,0,1,0,0,0,0,0
549.857,620.286,0.0,0.0,240.0,175.857,149.857,0.0,25,508.429,0.0,0.0,1.201,125,143.867,0.3690250527757614,0,0,0,0,0,1,0,1,0,0,0,0,0
557.5,537.5,0.0,0.0,180.0,334.5,80.5,79.667,25,510.0,0.0,0.0,0.943,110,146.54,0.4307884068707428,0,0,0,0,0,0,1,1,0,0,0,0,0
629.6,541.0,0.0,0.0,280.4,181.0,130.0,0.0,30,469.8,0.0,0.0,2.318,100,167.506,0.4081530214424952,0,0,0,0,0,1,0,1,0,0,0,0,0
540.0,641.0,0.0,0.0,235.0,161.333,154.833,0.0,25,490.333,0.0,0.0,1.897,130,153.63,0.3940918290652664,0,0,0,0,0,1,0,1,0,0,0,0,0
540.8,612.0,0.0,0.0,229.6,0.0,130.4,0.0,20,713.2,0.0,0.0,1.902,120,138.288,0.3841333333333334,0,0,0,0,0,1,0,1,0,0,0,0,0
540.5,556.167,0.0,0.0,231.167,403.667,109.167,0.0,25,478.5,0.0,0.0,1.898,115,108.788,0.3196506960809087,0,0,0,0,0,1,0,1,0,0,0,0,0
572.0,610.286,0.0,0.0,236.714,170.714,155.143,0.0,25,518.429,0.0,0.0,1.9,140,110.68,0.2824499753736695,0,0,0,0,0,1,0,1,0,0,0,0,0
564.8,536.2,0.0,0.0,180.4,342.6,79.8,79.0,25,519.0,0.0,0.0,0.96,110,127.842,0.3768926886792453,0,0,0,0,0,0,1,1,0,0,0,0,0
502.714,659.857,0.0,0.0,220.286,0.0,129.857,0.0,20,728.0,0.0,0.0,1.123,125,129.777,0.3706399956589164,0,0,0,0,0,1,0,1,0,0,0,0,0
509.714,610.857,0.0,0.0,420.286,0.0,0.0,0.0,30,698.143,0.0,0.0,2.3,130,149.123,0.3548131510447647,0,0,0,1,0,0,0,0,0,0,0,0,0
541.455,610.364,0.0,0.0,230.0,0.0,130.0,0.0,20,715.636,0.0,0.0,1.905,140,129.247,0.3590194444444445,0,0,0,0,0,1,0,1,0,0,0,0,0
543.571,600.857,0.0,0.0,280.714,177.571,159.857,0.0,30,468.143,0.0,0.0,1.8,130,156.603,0.3554546259286244,0,0,0,0,0,1,0,1,0,0,0,0,0
510.6,608.4,0.0,0.0,420.0,0.0,0.0,0.0,30,696.6,0.0,0.0,2.318,125,149.12,0.3550476190476191,0,0,0,1,0,0,0,0,0,0,0,0,0
670.143,459.286,0.0,0.0,300.143,0.0,60.143,0.0,25,753.0,0.0,0.0,1.91,125,127.417,0.3536551517405617,0,0,0,0,0,1,0,1,0,0,0,0,0
671.333,458.333,0.0,0.0,303.667,0.0,59.333,0.0,25,760.333,0.0,0.0,1.897,125,114.527,0.3155013774104683,0,0,0,0,0,1,0,1,0,0,0,0,0
655.5,476.5,0.0,0.0,300.5,0.0,59.75,0.0,25,752.75,0.0,0.0,1.905,125,125.303,0.347822345593338,0,0,0,0,0,1,0,1,0,0,0,0,0
621.429,505.571,0.0,0.0,300.571,0.0,60.286,0.0,25,742.0,0.0,0.0,1.887,125,145.786,0.4039993681707712,0,0,0,0,0,1,0,1,0,0,0,0,0
435.0,639.286,279.714,0.0,0.0,0.0,120.429,0.0,30,681.429,0.0,1.891,0.0,125,136.616,0.341417943085347,0,1,0,0,0,0,0,1,0,0,0,0,0
665.0,476.0,279.667,0.0,0.0,0.0,120.333,0.0,30,716.333,0.0,0.0,2.12,125,117.157,0.2928925,0,1,0,0,0,0,0,1,0,0,0,0,0
677.5,458.5,0.0,0.0,300.167,0.0,60.167,0.0,25,753.167,0.0,0.0,1.953,125,125.912,0.3494313609040502,0,0,0,0,0,1,0,1,0,0,0,0,0
678.857,453.0,0.0,0.0,300.429,0.0,100.143,0.0,30,734.143,0.0,2.033,0.0,125,122.066,0.3047292371908171,0,0,0,0,0,1,0,1,0,0,0,0,0
668.429,460.857,0.0,0.0,299.571,0.0,60.0,0.0,25,749.429,0.0,0.0,1.893,125,126.009,0.3504426107778436,0,0,0,0,0,1,0,1,0,0,0,0,0
672.333,462.0,281.0,0.0,0.0,0.0,118.667,0.0,30,715.667,0.0,0.0,2.16,125,115.003,0.287747049418641,0,1,0,0,0,0,0,1,0,0,0,0,0
665.143,448.571,280.143,0.0,0.0,0.0,90.0,0.0,25,765.0,0.0,0.0,2.1,125,127.777,0.3452098243111447,0,1,0,0,0,0,0,1,0,0,0,0,0
661.714,458.143,0.0,0.0,240.286,0.0,109.286,0.0,25,762.714,0.0,0.0,1.937,125,135.949,0.3889012849999428,0,0,0,0,0,1,0,1,0,0,0,0,0
681.4,454.8,0.0,0.0,299.2,0.0,99.4,0.0,30,713.6,0.0,2.012,0.0,125,156.15,0.3917461113898645,0,0,0,0,0,1,0,1,0,0,0,0,0
682.571,449.857,0.0,0.0,219.857,0.0,99.714,0.0,20,796.286,0.0,0.0,1.62,125,121.911,0.3814833010504707,0,0,0,0,0,1,0,1,0,0,0,0,0
669.25,460.25,0.0,0.0,299.25,0.0,59.75,0.0,25,802.25,0.0,0.0,1.923,125,119.515,0.3329108635097493,0,0,0,0,0,1,0,1,0,0,0,0,0
668.333,461.0,0.0,0.0,273.833,0.0,126.0,0.0,30,699.833,0.0,0.0,2.387,125,132.727,0.3319560916682715,0,0,0,0,0,1,0,1,0,0,0,0,0
670.333,469.333,0.0,0.0,300.667,0.0,59.333,0.0,25,744.667,0.0,0.0,1.913,125,140.887,0.3913527777777778,0,0,0,0,0,1,0,1,0,0,0,0,0
677.286,458.571,280.143,0.0,0.0,0.0,101.0,0.0,25,799.0,0.0,0.0,1.774,125,119.093,0.3124627764382398,0,1,0,0,0,0,0,0,0,0,0,0,0
646.333,489.333,0.0,0.0,240.167,0.0,110.0,0.0,25,783.667,0.0,0.0,1.91,125,102.182,0.2918093366879232,0,0,0,0,0,1,0,1,0,0,0,0,0
422.571,702.143,230.429,0.0,0.0,0.0,109.571,0.0,20,720.857,0.0,0.0,2.037,125,130.184,0.3828941176470588,0,1,0,0,0,0,0,1,0,0,0,0,0
673.429,457.714,0.0,0.0,240.286,0.0,109.857,0.0,25,766.143,0.0,1.753,0.0,125,121.887,0.3481063451218502,0,0,0,0,0,1,0,1,0,0,0,0,0
670.429,460.714,0.0,0.0,300.571,0.0,59.857,0.0,25,740.429,0.0,1.614,0.0,125,140.229,0.3890624479785145,0,0,0,0,0,1,0,1,0,0,0,0,0
671.571,462.0,0.0,0.0,300.0,0.0,59.857,0.0,25,738.0,0.0,1.623,0.0,125,143.377,0.3984277087843227,0,0,0,0,0,1,0,1,0,0,0,0,0
673.0,455.286,0.0,0.0,240.0,0.0,110.143,0.0,25,751.143,0.0,1.771,0.0,125,138.154,0.3945645065016293,0,0,0,0,0,1,0,1,0,0,0,0,0
664.667,459.0,281.667,0.0,0.0,0.0,120.667,0.0,30,714.333,0.0,0.0,2.123,125,117.873,0.2929730025302361,0,1,0,0,0,0,0,1,0,0,0,0,0
667.667,454.667,0.0,0.0,273.5,0.0,126.0,0.0,30,699.667,0.0,0.0,2.442,125,140.407,0.3514568210262829,0,0,0,0,0,1,0,1,0,0,0,0,0
677.571,460.429,0.0,209.857,0.0,0.0,170.857,0.0,25,762.286,0.0,0.0,1.764,125,143.046,0.3757308635878901,0,1,0,0,0,0,0,0,0,0,0,0,0
652.333,483.667,280.333,0.0,0.0,0.0,119.667,0.0,30,694.333,0.0,0.0,2.16,125,158.873,0.3971825,0,1,0,0,0,0,0,1,0,0,0,0,0
674.286,459.286,0.0,0.0,239.143,0.0,109.429,0.0,25,782.429,0.0,0.0,1.911,125,106.079,0.3043245011073752,0,0,0,0,0,1,0,1,0,0,0,0,0
668.25,465.0,280.25,0.0,0.0,0.0,119.25,0.0,30,732.5,0.0,0.0,2.103,125,104.095,0.2605632040050063,0,1,0,0,0,0,0,1,0,0,0,0,0
680.167,462.0,0.0,214.333,0.0,0.0,144.167,0.0,30,730.833,0.0,0.0,2.183,125,135.897,0.3790711297071129,0,1,0,0,0,0,0,1,0,0,0,0,0
648.286,487.571,0.0,0.0,240.143,0.0,140.857,0.0,25,754.571,0.0,0.0,1.773,125,146.656,0.3849238845144357,0,0,0,0,0,1,0,0,0,0,0,0,0
386.286,823.571,0.0,260.429,0.0,0.0,0.0,0.0,20,743.429,0.0,0.0,1.833,125,148.734,0.5711115121587843,0,0,0,0,0,0,0,1,0,0,0,0,0
683.429,464.571,0.0,0.0,299.714,0.0,59.857,0.0,25,757.857,0.0,0.0,1.914,125,103.109,0.2867556059860222,0,0,0,0,0,1,0,1,0,0,0,0,0
670.25,468.25,0.0,0.0,299.5,0.0,60.5,0.0,25,769.0,0.0,0.0,1.918,125,106.695,0.296375,0,0,0,0,0,1,0,1,0,0,0,0,0
669.714,462.143,0.0,0.0,300.0,0.0,60.143,0.0,25,740.0,0.0,0.0,1.89,125,134.387,0.3731489991475608,0,0,0,0,0,1,0,1,0,0,0,0,0
666.25,458.25,0.0,0.0,299.25,0.0,62.0,0.0,25,726.5,0.0,0.0,1.88,125,159.95,0.4427681660899654,0,0,0,0,0,1,0,1,0,0,0,0,0
629.857,492.0,0.0,0.0,239.714,0.0,110.0,0.0,25,756.0,0.0,0.0,1.357,125,154.086,0.4406057521288825,0,0,0,0,0,1,0,1,0,0,0,0,0
675.286,454.143,0.0,0.0,239.714,0.0,110.143,0.0,25,761.286,0.0,1.747,0.0,125,135.949,0.3885844788013389,0,0,0,0,0,1,0,1,0,0,0,0,0
676.0,463.143,0.0,0.0,299.571,0.0,60.143,0.0,25,780.571,0.0,0.0,1.891,125,97.934,0.2722551805045119,0,0,0,0,0,1,0,1,0,0,0,0,0
686.25,467.75,279.5,0.0,0.0,0.0,120.25,0.0,30,726.0,0.0,0.0,2.123,125,112.61,0.2817010631644778,0,1,0,0,0,0,0,1,0,0,0,0,0
658.429,463.714,0.0,0.0,274.286,0.0,125.857,0.0,30,712.0,0.0,0.0,2.383,125,128.214,0.3204204496892361,0,0,0,0,0,1,0,1,0,0,0,0,0
437.0,779.0,0.0,260.0,0.0,0.0,0.0,0.0,20,757.143,0.0,0.0,1.307,125,135.667,0.5217961538461539,0,0,0,0,0,0,0,1,0,0,0,0,0
575.0,571.0,0.0,0.0,378.0,0.0,0.0,0.0,25,796.167,0.0,2.653,0.0,125,103.915,0.2749074074074074,0,0,0,1,0,0,0,1,0,0,0,0,0
674.0,465.667,280.333,0.0,0.0,0.0,119.833,0.0,30,719.5,0.0,0.0,2.117,125,125.583,0.3138272616864001,0,1,0,0,0,0,0,1,0,0,0,0,0
666.0,462.667,280.0,0.0,0.0,0.0,120.333,0.0,30,776.333,0.0,0.0,2.107,125,107.47,0.2684515141144997,0,1,0,0,0,0,0,1,0,0,0,0,0
671.714,461.0,0.0,0.0,300.714,0.0,60.143,0.0,25,735.714,0.0,0.0,1.909,125,147.094,0.4076240726936155,0,0,0,0,0,1,0,1,0,0,0,0,0
671.6,450.8,0.0,0.0,239.8,0.0,110.0,0.0,25,740.6,0.0,0.0,1.952,125,152.062,0.4347112635791881,0,0,0,0,0,1,0,1,0,0,0,0,0
493.286,703.143,0.0,271.0,0.0,0.0,0.0,0.0,25,708.286,0.0,0.0,1.454,125,126.037,0.4650811808118082,0,0,0,0,0,0,0,1,0,0,0,0,0
673.429,459.714,0.0,0.0,299.857,0.0,59.857,0.0,25,749.286,0.0,1.611,0.0,125,129.699,0.3605614460376855,0,0,0,0,0,1,0,1,0,0,0,0,0
671.5,464.667,279.667,0.0,0.0,0.0,120.167,0.0,30,732.333,0.0,0.0,2.247,125,110.192,0.2755943716642407,0,1,0,0,0,0,0,1,0,0,0,0,0
575.667,574.5,0.0,0.0,378.0,0.0,0.0,0.0,25,788.333,0.0,2.63,0.0,125,109.893,0.2907222222222222,0,0,0,1,0,0,0,1,0,0,0,0,0
674.286,460.0,279.143,0.0,0.0,0.0,119.143,0.0,30,694.286,0.0,0.0,2.094,125,150.32,0.3774172328427312,0,1,0,0,0,0,0,1,0,0,0,0,0
666.857,470.857,279.714,0.0,0.0,0.0,119.429,0.0,30,696.0,0.0,0.0,2.149,125,134.591,0.3371999508947921,0,1,0,0,0,0,0,1,0,0,0,0,0
667.429,453.143,0.0,0.0,240.429,0.0,110.0,0.0,25,754.143,0.0,0.0,1.939,125,143.2,0.4086419788316606,0,0,0,0,0,1,0,1,0,0,0,0,0
575.667,573.0,0.0,0.0,378.333,0.0,0.0,0.0,25,815.333,0.0,2.663,0.0,125,83.502,0.2207103266170278,0,0,0,1,0,0,0,1,0,0,0,0,0
693.5,464.0,0.0,214.167,0.0,0.0,144.0,0.0,30,760.167,0.0,0.0,2.217,125,97.578,0.2724371592022716,0,1,0,0,0,0,0,1,0,0,0,0,0
669.143,450.143,0.0,0.0,274.429,0.0,126.143,0.0,30,703.429,0.0,0.0,2.44,125,141.253,0.3526282416144912,0,0,0,0,0,1,0,1,0,0,0,0,0
669.429,462.0,0.0,0.0,300.286,0.0,60.286,0.0,25,733.143,0.0,0.0,1.91,125,156.98,0.4353638108338972,0,0,0,0,0,1,0,1,0,0,0,0,0
671.0,455.571,0.0,0.0,240.0,0.0,109.286,0.0,25,758.143,0.0,0.0,1.907,125,148.167,0.4241996530064188,0,0,0,0,0,1,0,1,0,0,0,0,0
662.429,476.143,0.0,0.0,219.857,0.0,100.143,0.0,20,787.143,0.0,0.0,1.634,125,135.053,0.422040625,0,0,0,0,0,1,0,1,0,0,0,0,0
654.714,523.143,0.0,0.0,240.0,0.0,110.0,0.0,25,709.429,0.0,0.0,1.941,125,139.459,0.3984542857142857,0,0,0,0,0,1,0,1,0,0,0,0,0
461.0,709.0,0.0,248.286,0.0,0.0,0.0,0.0,20,746.286,0.0,0.0,1.07,125,126.42,0.5091708755225828,0,0,0,0,0,0,0,1,0,0,0,0,0
669.857,461.857,0.0,0.0,300.286,0.0,60.714,0.0,25,743.143,0.0,1.634,0.0,125,129.546,0.3588531855955678,0,0,0,0,0,1,0,1,0,0,0,0,0
578.333,573.167,0.0,0.0,378.333,0.0,0.0,0.0,25,773.833,0.0,2.565,0.0,125,130.783,0.3456822428918439,0,0,0,1,0,0,0,1,0,0,0,0,0
675.429,453.143,0.0,0.0,239.857,0.0,109.429,0.0,25,755.0,0.0,0.0,1.943,125,147.221,0.4214912707637867,0,0,0,0,0,1,0,1,0,0,0,0,0
668.5,460.0,281.25,0.0,0.0,0.0,119.5,0.0,30,710.25,0.0,0.0,2.22,125,135.475,0.3380536494073612,0,1,0,0,0,0,0,1,0,0,0,0,0
671.571,468.857,0.0,0.0,300.0,0.0,59.571,0.0,25,737.0,0.0,0.0,1.929,125,138.331,0.3847112253212856,0,0,0,0,0,1,0,0,0,0,0,0,0
672.857,451.429,0.0,0.0,274.571,0.0,126.571,0.0,30,703.857,0.0,0.0,2.39,125,144.736,0.3608098877704154,0,0,0,0,0,1,0,1,0,0,0,0,0
670.667,454.167,0.0,0.0,273.333,0.0,125.667,0.0,30,710.167,0.0,0.0,1.633,125,143.575,0.3598370927318296,0,0,0,0,0,1,0,1,0,0,0,0,0
576.167,573.833,0.0,0.0,377.333,0.0,0.0,0.0,25,800.167,0.0,2.628,0.0,125,98.297,0.2605046470889109,0,0,0,1,0,0,0,1,0,0,0,0,0
678.857,455.143,0.0,0.0,240.286,0.0,109.429,0.0,25,784.286,0.0,0.0,1.9,125,102.467,0.2930014440329983,0,0,0,0,0,1,0,1,0,0,0,0,0
672.857,460.286,279.714,0.0,0.0,0.0,119.714,0.0,30,691.714,0.0,0.0,2.134,125,148.117,0.3708227765704958,0,1,0,0,0,0,0,1,0,0,0,0,0
675.714,452.714,0.0,0.0,240.143,0.0,110.571,0.0,25,752.286,0.0,0.0,1.909,125,142.099,0.4051705948436617,0,0,0,0,0,1,0,1,0,0,0,0,0
672.429,454.286,0.0,0.0,273.714,0.0,126.429,0.0,30,711.714,0.0,0.0,2.426,125,128.29,0.3206103817885106,0,0,0,0,0,1,0,1,0,0,0,0,0
671.333,508.167,0.0,0.0,240.0,0.0,110.0,0.0,25,710.833,0.0,0.0,1.9,125,133.023,0.3800657142857143,0,0,0,0,0,1,0,1,0,0,0,0,0
431.667,633.0,280.667,0.0,0.0,0.0,118.667,0.0,30,704.667,0.0,1.83,0.0,125,128.57,0.3219610651735139,0,1,0,0,0,0,0,1,0,0,0,0,0
668.714,460.0,0.0,0.0,299.857,0.0,60.0,0.0,25,755.0,0.0,1.61,0.0,125,126.239,0.3508032357297482,0,0,0,0,0,1,0,1,0,0,0,0,0
576.667,576.833,0.0,0.0,377.333,0.0,0.0,0.0,25,788.333,0.0,2.702,0.0,125,108.04,0.2863253412768033,0,0,0,1,0,0,0,1,0,0,0,0,0
677.667,460.0,280.667,0.0,0.0,0.0,120.333,0.0,30,744.333,0.0,0.0,2.13,125,102.99,0.2568329177057356,0,1,0,0,0,0,0,1,0,0,0,0,0
671.333,477.111,280.444,0.0,0.0,0.0,119.778,0.0,30,737.111,0.0,0.0,2.082,125,136.84,0.3419102398169016,0,1,0,0,0,0,0,1,0,0,0,0,0
660.333,482.5,0.0,0.0,300.0,0.0,61.833,0.0,25,736.167,0.0,0.0,1.89,125,155.915,0.4309032067279657,0,0,0,0,0,1,0,1,0,0,0,0,0
577.167,575.5,0.0,0.0,379.333,0.0,0.0,0.0,25,805.5,0.0,2.638,0.0,125,90.767,0.2392805266085471,0,0,0,1,0,0,0,1,0,0,0,0,0
683.143,465.143,280.0,0.0,0.0,0.0,118.857,0.0,30,731.429,0.0,0.0,2.163,125,102.006,0.255745793605227,0,1,0,0,0,0,0,1,0,0,0,0,0
670.833,466.667,280.167,0.0,0.0,0.0,122.0,0.0,30,755.667,0.0,0.0,2.1,125,108.765,0.2704473514733929,0,1,0,0,0,0,0,1,0,0,0,0,0
670.286,460.286,0.0,0.0,299.714,0.0,59.714,0.0,25,755.143,0.0,1.627,0.0,125,129.031,0.3589898394115094,0,0,0,0,0,1,0,1,0,0,0,0,0
430.667,633.0,279.333,0.0,0.0,0.0,119.0,0.0,30,688.667,0.0,1.913,0.0,125,116.853,0.2933550572008847,0,1,0,0,0,0,0,1,0,0,0,0,0
669.5,448.333,279.667,0.0,0.0,0.0,90.0,0.0,25,786.167,0.0,0.0,2.13,125,109.563,0.2963829608810091,0,1,0,0,0,0,0,1,0,0,0,0,0
674.333,457.667,279.667,0.0,0.0,0.0,120.667,0.0,30,728.0,0.0,0.0,2.147,125,108.727,0.271590721747341,0,1,0,0,0,0,0,1,0,0,0,0,0
432.5,634.0,279.75,0.0,0.0,0.0,122.75,0.0,30,732.75,0.0,1.848,0.0,125,129.873,0.3226658385093167,0,1,0,0,0,0,0,1,0,0,0,0,0
666.714,450.571,279.857,0.0,0.0,0.0,89.571,0.0,25,781.429,0.0,0.0,1.591,125,122.884,0.3326331517914181,0,1,0,0,0,0,0,1,0,0,0,0,0
664.571,444.571,280.286,0.0,0.0,0.0,89.571,0.0,25,772.0,0.0,0.0,1.984,125,130.057,0.3516413100198185,0,1,0,0,0,0,0,1,0,0,0,0,0
575.0,577.5,0.0,0.0,377.333,0.0,0.0,0.0,25,796.5,0.0,1.855,0.0,125,103.347,0.2738880511378543,0,0,0,1,0,0,0,1,0,0,0,0,0
660.143,446.857,280.0,0.0,0.0,0.0,89.571,0.0,25,748.143,0.0,0.0,2.129,125,148.014,0.4005022039066918,0,1,0,0,0,0,0,1,0,0,0,0,0
663.857,446.429,203.286,0.0,0.0,0.0,136.571,0.0,25,808.0,0.0,0.0,2.051,125,102.187,0.300676460982119,0,1,0,0,0,0,0,1,0,0,0,0,0
670.889,482.667,279.111,0.0,0.0,0.0,111.111,0.0,30,706.667,0.0,0.0,2.113,125,144.529,0.3703763498726366,0,1,0,0,0,0,0,1,0,0,0,0,0
663.714,443.429,280.143,0.0,0.0,0.0,90.143,0.0,25,771.143,0.0,0.0,1.731,125,126.114,0.340585385350783,0,1,0,0,0,0,0,1,0,0,0,0,0
662.667,461.667,0.0,0.0,301.0,0.0,59.333,0.0,25,745.667,0.0,0.0,1.993,125,139.33,0.3866701079279445,0,0,0,0,0,1,0,1,0,0,0,0,0
433.6,635.6,280.0,0.0,0.0,0.0,120.0,0.0,30,686.6,0.0,1.874,0.0,125,139.296,0.34824,0,1,0,0,0,0,0,1,0,0,0,0,0
662.429,443.429,280.286,0.0,0.0,0.0,90.0,0.0,25,755.143,0.0,0.0,1.449,125,141.304,0.3816077302409489,0,1,0,0,0,0,0,1,0,0,0,0,0
670.143,459.857,280.0,0.0,0.0,0.0,120.429,0.0,30,721.143,0.0,0.0,1.63,125,127.906,0.3194224194551344,0,1,0,0,0,0,0,1,0,0,0,0,0
666.286,465.429,279.143,0.0,0.0,0.0,120.0,0.0,30,711.143,0.0,0.0,2.169,125,123.474,0.309347777613537,0,1,0,0,0,0,0,1,0,0,0,0,0
660.714,446.429,204.143,0.0,0.0,0.0,136.143,0.0,25,775.857,0.0,0.0,2.043,125,141.121,0.4147129179572477,0,1,0,0,0,0,0,1,0,0,0,0,0
661.0,474.429,0.0,0.0,300.286,0.0,60.143,0.0,25,737.143,0.0,0.0,1.903,125,148.397,0.4117232520135727,0,0,0,0,0,1,0,1,0,0,0,0,0
675.286,452.429,0.0,0.0,240.714,0.0,110.571,0.0,25,756.143,0.0,0.0,1.936,125,133.979,0.3813968714861153,0,0,0,0,0,1,0,1,0,0,0,0,0
674.143,460.571,280.143,0.0,0.0,0.0,120.143,0.0,30,714.286,0.0,0.0,1.596,125,137.896,0.3444936870137851,0,1,0,0,0,0,0,1,0,0,0,0,0
671.111,461.111,279.778,0.0,0.0,0.0,119.556,0.0,30,730.222,0.0,0.0,2.178,125,116.12,0.2907841556191058,0,1,0,0,0,0,0,1,0,0,0,0,0
662.286,475.429,278.286,0.0,0.0,0.0,120.0,0.0,30,687.429,0.0,0.0,2.157,125,142.02,0.3565779364577213,0,1,0,0,0,0,0,1,0,0,0,0,0
660.571,449.429,280.143,0.0,0.0,0.0,90.286,0.0,25,753.857,0.0,0.0,1.429,125,141.227,0.3812525477216957,0,1,0,0,0,0,0,1,0,0,0,0,0
669.4,461.6,0.0,0.0,301.4,0.0,60.0,0.0,25,739.4,0.0,0.0,1.268,125,144.528,0.3999114554510238,0,0,0,0,0,1,0,1,0,0,0,0,0
671.429,461.143,0.0,0.0,300.286,0.0,60.143,0.0,25,767.286,0.0,0.0,1.829,125,114.356,0.3172774665745542,0,0,0,0,0,1,0,1,0,0,0,0,0
674.0,470.0,0.0,0.0,300.333,0.0,59.667,0.0,25,764.333,0.0,0.0,1.957,125,114.823,0.3189527777777778,0,0,0,0,0,1,0,1,0,0,0,0,0
676.333,452.667,0.0,0.0,240.0,0.0,109.5,0.0,25,762.833,0.0,0.0,1.898,125,139.212,0.3983175965665235,0,0,0,0,0,1,0,1,0,0,0,0,0
661.571,467.286,0.0,0.0,299.714,0.0,60.143,0.0,25,738.0,0.0,0.0,1.93,125,141.071,0.3920196077886494,0,0,0,0,0,1,0,1,0,0,0,0,0
677.667,466.333,280.333,0.0,0.0,0.0,116.333,0.0,30,717.0,0.0,0.0,2.097,125,119.37,0.3009332788794603,0,1,0,0,0,0,0,1,0,0,0,0,0
676.0,456.143,0.0,0.0,240.286,0.0,110.143,0.0,25,737.714,0.0,0.0,1.946,125,152.909,0.4363480191422514,0,0,0,0,0,1,0,1,0,0,0,0,0
658.25,467.25,0.0,0.0,240.5,0.0,108.75,0.0,25,768.0,0.0,0.0,1.948,125,137.043,0.3923922691481747,0,0,0,0,0,1,0,1,0,0,0,0,0
668.429,461.286,0.0,0.0,300.143,0.0,60.286,0.0,25,720.714,0.0,0.0,1.426,125,155.007,0.4300625088436281,0,0,0,0,0,1,0,1,0,0,0,0,0
672.286,463.0,0.0,0.0,299.143,0.0,60.143,0.0,25,756.857,0.0,0.0,1.927,125,126.317,0.351577851627951,0,0,0,0,0,1,0,1,0,0,0,0,0
669.571,453.571,0.0,0.0,273.857,0.0,125.429,0.0,30,723.143,0.0,0.0,2.393,125,123.961,0.3104566651472879,0,0,0,0,0,1,0,1,0,0,0,0,0
674.571,458.143,0.0,0.0,240.143,0.0,108.286,0.0,25,777.571,0.0,0.0,1.946,125,119.069,0.3417310269811066,0,0,0,0,0,1,0,1,0,0,0,0,0
667.857,462.857,0.0,0.0,239.714,0.0,110.286,0.0,25,762.143,0.0,0.0,1.923,125,130.416,0.3726171428571429,0,0,0,0,0,1,0,1,0,0,0,0,0
661.4,468.2,0.0,0.0,299.4,0.0,61.2,0.0,25,747.4,0.0,0.0,1.894,125,142.988,0.3965280088740988,0,0,0,0,0,1,0,1,0,0,0,0,0
674.0,493.143,280.571,0.0,0.0,0.0,119.143,0.0,30,680.286,0.0,0.0,2.186,125,138.334,0.3460824489509999,0,1,0,0,0,0,0,1,0,0,0,0,0
602.154,601.231,280.154,0.0,0.0,0.0,89.538,0.0,25,764.923,0.0,0.0,1.614,125,149.798,0.4051967583826537,0,1,0,0,0,0,0,1,0,0,0,0,0
662.333,456.0,279.333,0.0,0.0,0.0,120.667,0.0,30,727.0,0.0,0.0,2.14,125,121.04,0.3026,0,1,0,0,0,0,0,1,0,0,0,0,0
655.571,487.857,0.0,0.0,220.0,0.0,99.286,0.0,20,781.286,0.0,0.0,1.647,125,127.189,0.3983544533740909,0,0,0,0,0,1,0,1,0,0,0,0,0
669.0,461.857,0.0,0.0,299.714,0.0,60.0,0.0,25,751.286,0.0,0.0,1.904,125,135.079,0.3755177724525596,0,0,0,0,0,1,0,1,0,0,0,0,0
606.714,599.0,0.0,0.0,300.429,0.0,59.857,0.0,25,781.857,0.0,0.0,1.54,125,124.96,0.3468355695197705,0,0,0,0,0,1,0,1,0,0,0,0,0
665.0,459.333,279.667,0.0,0.0,0.0,120.667,0.0,30,725.333,0.0,0.0,2.1,125,129.703,0.3239869708793158,0,1,0,0,0,0,0,1,0,0,0,0,0
663.333,472.167,279.833,0.0,0.0,0.0,122.833,0.0,30,689.5,0.0,0.0,2.113,125,148.623,0.3690974653931546,0,1,0,0,0,0,0,1,0,0,0,0,0
674.6,465.4,0.0,0.0,299.8,0.0,60.0,0.0,25,743.8,0.0,0.0,1.974,125,138.718,0.3855419677598665,0,0,0,0,0,1,0,1,0,0,0,0,0
669.0,461.833,0.0,0.0,300.667,0.0,59.5,0.0,25,743.167,0.0,0.0,1.91,125,132.157,0.366932561839369,0,0,0,0,0,1,0,1,0,0,0,0,0
667.667,458.0,279.333,0.0,0.0,0.0,125.667,0.0,30,706.333,0.0,0.0,2.113,125,143.397,0.3540666666666666,0,1,0,0,0,0,0,1,0,0,0,0,0
598.333,602.0,280.0,0.0,0.0,0.0,90.0,0.0,25,772.833,0.0,0.0,1.567,125,143.095,0.3867432432432432,0,1,0,0,0,0,0,1,0,0,0,0,0
673.286,459.571,0.0,0.0,299.857,0.0,60.0,0.0,25,762.429,0.0,0.0,1.899,125,118.966,0.3305924297707145,0,0,0,0,0,1,0,1,0,0,0,0,0
675.714,452.714,0.0,0.0,239.429,0.0,109.429,0.0,25,760.857,0.0,0.0,1.916,125,130.313,0.3735416702497864,0,0,0,0,0,1,0,1,0,0,0,0,0
670.571,460.571,279.857,0.0,0.0,0.0,120.0,0.0,30,703.714,0.0,0.0,2.129,125,137.844,0.3447332421340629,0,1,0,0,0,0,0,1,0,0,0,0,0
672.889,473.333,280.0,0.0,0.0,0.0,120.667,0.0,30,733.778,0.0,0.0,2.102,125,135.844,0.3390446430577013,0,1,0,0,0,0,0,1,0,0,0,0,0
668.0,483.429,0.0,0.0,300.143,0.0,61.429,0.0,25,735.857,0.0,0.0,1.927,125,126.983,0.3511969953425597,0,0,0,0,0,1,0,0,0,0,0,0,0
663.0,461.667,279.0,0.0,0.0,0.0,120.667,0.0,30,709.0,0.0,0.0,2.083,125,143.217,0.3583408187315941,0,1,0,0,0,0,0,1,0,0,0,0,0
667.4,474.6,0.0,0.0,301.0,0.0,61.4,0.0,25,747.4,0.0,0.0,1.942,125,141.302,0.3899061810154525,0,0,0,0,0,1,0,1,0,0,0,0,0
684.571,454.714,0.0,0.0,219.857,0.0,99.857,0.0,20,804.857,0.0,0.0,1.599,125,118.146,0.3695365232676705,0,0,0,0,0,1,0,1,0,0,0,0,0
669.143,463.714,280.429,0.0,0.0,0.0,120.286,0.0,30,710.286,0.0,0.0,2.099,125,133.797,0.3338956615050597,0,1,0,0,0,0,0,1,0,0,0,0,0
670.0,463.0,279.333,0.0,0.0,0.0,120.667,0.0,30,734.0,0.0,0.0,2.11,125,120.74,0.30185,0,1,0,0,0,0,0,1,0,0,0,0,0
674.714,456.0,0.0,0.0,240.0,0.0,110.143,0.0,25,756.286,0.0,0.0,1.927,125,131.774,0.3763433797048634,0,0,0,0,0,1,0,1,0,0,0,0,0
635.2,484.6,0.0,0.0,273.8,0.0,125.2,0.0,30,798.0,0.0,0.0,2.424,125,136.39,0.341829573934837,0,0,0,0,0,1,0,1,0,0,0,0,0
671.143,461.857,280.0,0.0,0.0,0.0,120.0,0.0,30,698.0,0.0,0.0,2.114,125,148.373,0.3709325,0,1,0,0,0,0,0,1,0,0,0,0,0
685.571,450.571,0.0,0.0,219.429,0.0,100.429,0.0,20,801.286,0.0,0.0,1.651,125,119.527,0.3736876989163941,0,0,0,0,0,1,0,1,0,0,0,0,0
675.429,455.286,0.0,0.0,240.286,0.0,109.286,0.0,25,755.429,0.0,0.0,1.943,125,132.644,0.379446866453835,0,0,0,0,0,1,0,1,0,0,0,0,0
665.4,472.4,0.0,0.0,299.8,0.0,59.8,0.0,25,731.6,0.0,0.0,1.938,125,150.268,0.4178754171301446,0,0,0,0,0,1,0,1,0,0,0,0,0
670.0,460.0,280.0,0.0,0.0,0.0,120.0,0.0,30,685.0,0.0,0.0,2.1,125,168.0,0.42,0,1,0,0,0,0,0,1,0,0,0,0,0
672.0,468.0,0.0,0.0,299.667,0.0,59.667,0.0,25,761.667,0.0,0.0,1.893,125,120.98,0.3366784106151937,0,0,0,0,0,1,0,1,0,0,0,0,0
671.429,450.857,0.0,0.0,273.571,0.0,126.0,0.0,30,734.143,0.0,0.0,2.431,125,109.563,0.2742015811958325,0,0,0,0,0,1,0,1,0,0,0,0,0
629.143,493.714,0.0,0.0,240.0,0.0,109.429,0.0,25,757.429,0.0,0.0,1.89,125,149.191,0.4269565491129815,0,0,0,0,0,1,0,1,0,0,0,0,0
633.143,481.571,0.0,0.0,273.857,0.0,126.286,0.0,30,702.286,0.0,0.0,1.297,125,149.474,0.3735514553547106,0,0,0,0,0,1,0,1,0,0,0,0,0
668.8,458.8,281.0,0.0,0.0,0.0,120.6,0.0,30,713.4,0.0,0.0,2.084,125,141.84,0.3531872509960159,0,1,0,0,0,0,0,1,0,0,0,0,0
589.5,591.333,0.0,285.333,0.0,0.0,105.667,0.0,30,757.667,0.0,0.0,1.955,100,106.118,0.2714015345268542,0,1,0,0,0,0,0,1,0,1,0,0,0
545.538,666.923,0.0,379.846,0.0,0.0,120.769,0.0,40,683.385,0.0,0.0,2.163,120,138.548,0.2767555906235331,0,1,0,0,0,0,0,1,0,0,0,0,0
582.923,586.308,0.0,284.615,0.0,0.0,105.077,0.0,30,746.462,0.0,0.0,1.94,120,130.538,0.3349773667409134,0,1,0,0,0,0,0,1,0,1,0,0,0
543.692,664.0,0.0,379.846,0.0,0.0,120.308,0.0,40,660.308,0.0,0.0,2.134,150,165.617,0.3311320113405071,0,1,0,0,0,0,0,1,0,0,0,0,0
465.538,722.0,0.0,0.0,255.385,0.0,134.615,0.0,25,674.769,0.0,0.0,1.968,120,163.122,0.4182615384615385,0,0,0,0,0,1,0,1,0,0,0,0,0
598.154,598.0,0.0,0.0,175.538,0.0,0.0,175.077,25,770.0,0.0,0.0,1.283,120,142.805,0.4072986038817507,0,0,0,0,1,0,0,1,0,0,0,0,0
469.846,715.231,0.0,0.0,220.0,0.0,139.538,0.0,20,709.538,0.0,0.0,1.485,120,155.722,0.4331169445232493,0,0,0,0,0,1,0,1,0,0,0,0,0
532.923,532.923,0.0,274.769,0.0,0.0,166.154,110.0,45,620.308,0.0,0.0,2.797,120,167.909,0.3047776186508822,0,0,1,0,0,0,0,1,0,0,0,0,0
588.154,591.692,0.0,285.231,0.0,0.0,104.769,0.0,30,746.308,0.0,0.0,2.602,120,118.674,0.3042923076923077,0,1,0,0,0,0,0,1,0,1,0,0,0
586.462,588.308,0.0,359.692,0.0,0.0,89.846,0.0,40,744.0,0.0,0.0,2.398,110,101.118,0.2249376026053415,0,1,0,0,0,0,0,1,0,1,0,0,0
625.333,625.333,0.0,0.0,424.0,0.0,0.0,0.0,40,706.333,0.0,0.0,2.18,120,157.955,0.3725353773584906,0,0,0,1,0,0,0,1,0,0,0,0,0
585.273,582.0,0.0,360.182,0.0,0.0,89.818,0.0,40,719.455,0.0,0.0,1.833,120,140.258,0.3116844444444445,0,1,0,0,0,0,0,1,0,1,0,0,0
584.0,587.385,0.0,285.385,0.0,0.0,105.385,0.0,30,753.846,0.0,0.0,2.343,100,118.454,0.3031297182485861,0,1,0,0,0,0,0,1,0,1,0,0,0
772.462,414.769,0.0,0.0,255.231,0.0,134.615,0.0,25,672.923,0.0,0.0,1.954,120,165.289,0.4239853685814398,0,0,0,0,0,1,0,1,0,0,0,0,0
577.4,582.2,0.0,359.8,0.0,0.0,89.8,0.0,40,720.0,0.0,0.0,1.862,120,140.944,0.3134875444839857,0,1,0,0,0,0,0,1,0,1,0,0,0
564.462,566.769,0.0,264.769,0.0,0.0,160.462,104.308,40,620.462,0.0,0.0,2.2,110,152.7,0.2883640298448273,0,0,1,0,0,0,0,1,0,0,0,0,0
564.923,566.615,0.0,264.615,0.0,0.0,159.692,104.154,40,616.769,0.0,0.0,2.217,110,156.006,0.2952081610563504,0,0,1,0,0,0,0,1,0,0,0,0,0
466.5,721.5,0.0,0.0,256.0,0.0,135.167,0.0,25,654.667,0.0,0.0,2.033,120,173.248,0.4429003469106545,0,0,0,0,0,1,0,1,0,0,0,0,0
542.923,664.923,0.0,379.692,0.0,0.0,119.846,0.0,40,663.077,0.0,0.0,2.145,120,162.998,0.3262974988889734,0,1,0,0,0,0,0,1,0,0,0,0,0
578.154,582.462,0.0,359.846,0.0,0.0,89.846,0.0,40,719.692,0.0,0.0,1.832,120,140.352,0.312106953203526,0,1,0,0,0,0,0,1,0,1,0,0,0
583.231,586.923,0.0,285.077,0.0,0.0,105.077,0.0,30,744.769,0.0,0.0,1.951,110,129.971,0.3331274317320853,0,1,0,0,0,0,0,1,0,1,0,0,0
581.846,586.462,0.0,285.077,0.0,0.0,105.385,0.0,30,740.0,0.0,0.0,1.954,110,137.938,0.3532686919597809,0,1,0,0,0,0,0,1,0,1,0,0,0
626.5,626.5,0.0,0.0,156.0,0.0,145.5,0.0,15,738.75,0.0,0.0,1.023,110,142.11,0.4713432835820896,0,0,0,0,0,1,0,1,0,0,0,0,0
771.0,414.5,0.0,0.0,255.0,0.0,134.0,0.0,25,709.5,0.0,0.0,1.935,100,120.0,0.3084832904884319,0,0,0,0,0,1,0,1,0,0,0,0,0
595.846,594.923,0.0,0.0,255.077,0.0,134.462,0.0,25,698.462,0.0,0.0,1.96,100,136.803,0.3511920500899782,0,0,0,0,0,1,0,1,0,0,0,0,0
577.846,581.231,0.0,359.538,0.0,0.0,90.154,0.0,40,728.615,0.0,0.0,1.802,120,131.031,0.2913794330341656,0,1,0,0,0,0,0,1,0,1,0,0,0
600.857,600.571,0.0,0.0,340.0,0.0,0.0,0.0,25,803.143,0.0,0.0,1.58,120,121.334,0.356864705882353,0,0,0,1,0,0,0,1,0,0,0,0,0
594.0,594.0,0.0,0.0,220.0,0.0,140.769,0.0,20,710.615,0.0,0.0,1.457,120,155.598,0.4312953718307283,0,0,0,0,0,1,0,1,0,0,0,0,0
579.385,582.154,0.0,360.154,0.0,0.0,90.0,0.0,40,738.308,0.0,0.0,2.24,100,120.928,0.2686369553530569,0,1,0,0,0,0,0,1,0,1,0,0,0
577.846,637.692,0.0,0.0,145.077,0.0,110.308,89.846,20,735.538,0.0,0.0,1.548,120,152.831,0.4426919946354759,0,0,0,0,0,0,1,1,0,0,0,0,0
698.615,532.0,0.0,0.0,176.308,0.0,110.154,78.0,25,718.923,0.0,0.0,1.822,120,145.197,0.3983872118355274,0,0,0,0,0,0,1,1,0,0,0,0,0
616.0,616.0,0.0,179.429,0.0,0.0,108.0,71.714,30,714.571,0.0,0.0,1.803,120,150.434,0.4188693640137773,0,0,1,0,0,0,0,1,0,0,0,0,0
625.692,625.385,0.0,0.0,422.308,0.0,0.0,0.0,40,706.154,0.0,0.0,2.114,120,153.145,0.3626381692982373,0,0,0,1,0,0,0,1,0,0,0,0,0
624.769,625.077,0.0,0.0,424.308,0.0,0.0,0.0,40,706.154,0.0,0.0,2.123,120,151.586,0.3572546357834404,0,0,0,1,0,0,0,1,0,0,0,0,0
482.0,726.0,0.0,350.25,0.0,0.0,53.75,0.0,30,770.5,0.0,0.0,2.023,120,131.17,0.3246782178217821,0,1,0,0,0,0,0,1,0,0,0,0,0
480.6,724.4,0.0,348.6,0.0,0.0,53.0,0.0,30,773.6,0.0,0.0,2.394,120,132.428,0.3297509960159362,0,1,0,0,0,0,0,1,0,0,0,0,0
624.923,624.615,0.0,0.0,423.692,0.0,0.0,0.0,40,740.154,0.0,0.0,2.146,110,119.062,0.2810107342125884,0,0,0,1,0,0,0,1,0,0,0,0,0
624.615,625.077,0.0,0.0,423.846,0.0,0.0,0.0,40,728.615,0.0,0.0,2.125,110,130.014,0.3067482057162271,0,0,0,1,0,0,0,1,0,0,0,0,0
547.231,667.231,0.0,380.462,0.0,0.0,120.0,0.0,40,691.077,0.0,0.0,2.162,110,126.849,0.2534637994493089,0,1,0,0,0,0,0,1,0,0,0,0,0
614.923,614.923,0.0,180.154,0.0,0.0,108.154,73.231,30,718.923,0.0,0.0,1.762,120,143.695,0.3974536633668844,0,0,1,0,0,0,0,1,0,0,0,0,0
698.769,532.308,0.0,0.0,176.0,0.0,110.615,78.154,25,714.308,0.0,0.0,1.822,120,148.723,0.4077183093958094,0,0,0,0,0,0,1,1,0,0,0,0,0
480.6,723.8,0.0,349.8,0.0,0.0,50.0,0.0,30,772.0,0.0,0.0,2.404,120,137.57,0.3440970485242621,0,1,0,0,0,0,0,1,0,0,0,0,0
582.667,586.5,0.0,285.167,0.0,0.0,105.667,0.0,30,765.833,0.0,0.0,2.15,120,109.568,0.2803440847009216,0,1,0,0,0,0,0,1,0,1,0,0,0
470.308,716.0,0.0,0.0,220.0,0.0,140.769,0.0,20,695.692,0.0,0.0,1.451,120,170.118,0.471542732330106,0,0,0,0,0,1,0,1,0,0,0,0,0
800.667,429.667,0.0,180.5,0.0,0.0,107.667,72.167,30,711.0,0.0,0.0,1.827,120,153.628,0.4263488874211148,0,0,1,0,0,0,0,1,0,0,0,0,0
590.769,590.462,0.0,209.846,0.0,0.0,126.154,84.154,35,704.769,0.0,0.0,2.535,120,137.557,0.327396621238879,0,0,1,0,0,0,0,1,0,0,0,0,0
622.857,619.429,0.0,0.0,176.0,0.0,110.714,78.429,25,756.714,0.0,0.0,1.803,120,99.314,0.2719865915545416,0,0,0,0,0,0,1,1,0,0,0,0,0
581.5,586.333,0.0,285.167,0.0,0.0,104.833,0.0,30,724.667,0.0,0.0,1.955,120,152.31,0.3905384615384616,0,1,0,0,0,0,0,1,0,1,0,0,0
625.0,624.333,0.0,0.0,424.833,0.0,0.0,0.0,40,711.833,0.0,0.0,2.162,120,145.922,0.3434808501222833,0,0,0,1,0,0,0,1,0,0,0,0,0
591.231,590.769,0.0,250.0,0.0,0.0,126.769,84.0,35,711.538,0.0,0.0,2.515,120,129.871,0.2818570693774972,0,0,1,0,0,0,0,1,0,0,0,0,0
479.6,724.2,0.0,350.0,0.0,0.0,49.8,0.0,30,758.0,0.0,0.0,2.404,120,146.95,0.3675587793896948,0,1,0,0,0,0,0,1,0,0,0,0,0
590.615,590.462,0.0,249.846,0.0,0.0,125.846,84.154,35,701.538,0.0,0.0,2.517,120,141.649,0.3080357337021525,0,0,1,0,0,0,0,1,0,0,0,0,0
470.308,716.308,0.0,0.0,219.846,0.0,141.231,0.0,20,706.923,0.0,0.0,1.465,120,159.374,0.4413850785289564,0,0,0,0,0,1,0,1,0,0,0,0,0
469.231,716.923,0.0,0.0,220.462,0.0,140.769,0.0,20,711.692,0.0,0.0,1.48,120,153.552,0.425079796584457,0,0,0,0,0,1,0,1,0,0,0,0,0
581.167,585.667,0.0,284.667,0.0,0.0,104.667,0.0,30,725.167,0.0,0.0,1.95,120,152.202,0.3909291251213611,0,1,0,0,0,0,0,1,0,1,0,0,0
569.0,670.0,0.0,347.0,0.0,0.0,0.0,115.333,45,642.667,0.0,0.0,3.25,120,160.397,0.3469295940371983,1,0,0,0,0,0,0,1,0,0,0,0,0
580.667,583.0,0.0,359.833,0.0,0.0,90.0,0.0,40,748.333,0.0,0.0,2.007,120,108.975,0.2422565707718197,0,1,0,0,0,0,0,1,0,1,0,0,0
771.385,414.769,0.0,0.0,255.231,0.0,135.077,0.0,25,702.308,0.0,0.0,1.623,120,136.095,0.3486861657972678,0,0,0,0,0,1,0,1,0,0,0,0,0
543.385,664.615,0.0,380.154,0.0,0.0,120.154,0.0,40,679.538,0.0,0.0,2.151,120,145.606,0.2910327238421133,0,1,0,0,0,0,0,1,0,0,0,0,0
584.833,586.833,0.0,284.833,0.0,0.0,105.333,0.0,30,761.0,0.0,0.0,1.943,120,112.642,0.2887027572879236,0,1,0,0,0,0,0,1,0,1,0,0,0
479.6,724.0,0.0,350.2,0.0,0.0,50.0,0.0,30,755.2,0.0,0.0,2.41,150,150.378,0.3757571214392804,0,1,0,0,0,0,0,1,0,0,0,0,0
625.385,624.615,0.0,0.0,424.308,0.0,0.0,0.0,40,729.692,0.0,0.0,2.123,120,128.351,0.3024948857905106,0,0,0,1,0,0,0,1,0,0,0,0,0
625.385,624.308,0.0,0.0,424.154,0.0,0.0,0.0,40,734.308,0.0,0.0,2.114,120,123.1,0.2902247768499177,0,0,0,1,0,0,0,1,0,0,0,0,0
813.692,437.077,0.0,165.231,0.0,0.0,99.538,66.0,25,731.846,0.0,0.0,1.654,120,138.202,0.4178202915025289,0,0,1,0,0,0,0,1,0,0,0,0,0
592.308,590.769,0.0,249.231,0.0,0.0,126.0,83.692,35,718.308,0.0,0.0,2.523,120,125.042,0.2724683661529276,0,0,1,0,0,0,0,1,0,0,0,0,0
581.833,585.667,0.0,285.167,0.0,0.0,105.0,0.0,30,724.333,0.0,0.0,2.157,120,152.223,0.3901483211035275,0,1,0,0,0,0,0,1,0,1,0,0,0
615.778,620.444,0.0,172.0,0.0,0.0,104.222,69.333,25,734.889,0.0,0.0,2.06,150,131.649,0.3809784260103313,0,0,1,0,0,0,0,1,0,1,0,0,0
800.308,429.538,0.0,181.077,0.0,0.0,108.154,72.923,30,707.385,0.0,0.0,2.222,120,154.891,0.4276937435455634,0,0,1,0,0,0,0,1,0,0,0,0,0
501.846,751.231,0.0,165.231,0.0,0.0,100.154,66.0,25,756.308,0.0,0.0,1.654,120,120.4,0.3633236265974622,0,0,1,0,0,0,0,1,0,0,0,0,0
622.889,618.444,0.0,172.444,0.0,0.0,105.333,69.333,25,744.222,0.0,0.0,2.084,150,112.582,0.3243409870070006,0,0,1,0,0,0,0,1,0,1,0,0,0
775.231,415.846,0.0,0.0,255.231,0.0,134.923,0.0,25,684.769,0.0,0.0,1.963,150,149.051,0.3820311979372248,0,0,0,0,0,1,0,1,0,0,0,0,0
583.231,586.154,0.0,285.692,0.0,0.0,106.0,0.0,30,724.769,0.0,0.0,1.966,150,152.235,0.3886599675255047,0,1,0,0,0,0,0,1,0,1,0,0,0
532.889,532.444,0.0,276.0,0.0,0.0,164.889,110.222,45,620.444,0.0,0.0,2.513,110,154.173,0.2797494515623895,0,0,1,0,0,0,0,1,0,0,0,0,0
527.385,699.538,0.0,220.769,0.0,0.0,139.846,68.923,30,709.385,0.0,0.0,1.711,120,170.686,0.3973711289804395,0,0,1,0,0,0,0,1,0,1,0,0,0
582.308,586.0,0.0,285.077,0.0,0.0,104.923,0.0,30,724.154,0.0,0.0,1.952,120,152.114,0.3900358974358974,0,1,0,0,0,0,0,1,0,1,0,0,0
581.846,585.846,0.0,285.077,0.0,0.0,105.385,0.0,30,724.769,0.0,0.0,2.334,120,152.338,0.390148080991236,0,1,0,0,0,0,0,1,0,1,0,0,0
771.846,414.769,0.0,0.0,254.615,0.0,134.615,0.0,25,661.538,0.0,0.0,1.895,120,177.215,0.4552963543406212,0,0,0,0,0,1,0,1,0,0,0,0,0
546.0,700.75,0.0,220.0,0.0,0.0,139.25,69.25,30,727.75,0.0,0.0,1.65,120,144.845,0.3380280046674446,0,0,1,0,0,0,0,1,0,1,0,0,0
593.846,594.308,0.0,0.0,254.923,0.0,134.615,0.0,25,711.538,0.0,0.0,1.951,120,126.706,0.3252725022975936,0,0,0,0,0,1,0,1,0,0,0,0,0
578.667,582.667,0.0,360.333,0.0,0.0,90.167,0.0,40,740.333,0.0,0.0,2.248,120,117.495,0.2608102108768036,0,1,0,0,0,0,0,1,0,1,0,0,0
602.143,600.857,0.0,0.0,220.286,0.0,139.857,0.0,20,745.714,0.0,0.0,1.313,120,101.481,0.2817797374931624,0,0,0,0,0,1,0,1,0,0,0,0,0
564.769,567.231,0.0,264.923,0.0,0.0,160.308,103.692,40,608.154,0.0,0.0,2.2,120,166.023,0.3138887891054085,0,0,1,0,0,0,0,1,0,0,0,0,0
564.462,566.462,0.0,265.692,0.0,0.0,160.0,104.154,40,608.462,0.0,0.0,2.2,120,165.006,0.3114225642922661,0,0,1,0,0,0,0,1,0,0,0,0,0
582.769,587.846,0.0,285.385,0.0,0.0,104.615,0.0,30,745.077,0.0,0.0,1.943,120,129.912,0.3331076923076923,0,1,0,0,0,0,0,1,0,1,0,0,0
583.846,586.615,0.0,284.769,0.0,0.0,104.923,0.0,30,752.0,0.0,0.0,1.942,120,129.909,0.3333632715067283,0,1,0,0,0,0,0,1,0,1,0,0,0
469.692,715.846,0.0,0.0,221.538,0.0,140.923,0.0,20,723.692,0.0,0.0,1.44,120,130.012,0.358692383456427,0,0,0,0,0,1,0,1,0,0,0,0,0
594.615,594.923,0.0,0.0,290.462,0.0,109.692,0.0,30,705.538,0.0,0.0,1.986,120,146.111,0.3651369222849203,0,0,0,0,0,1,0,1,0,0,0,0,0
564.667,566.0,0.0,265.167,0.0,0.0,160.5,104.0,40,604.167,0.0,0.0,2.202,120,170.677,0.322234536038681,0,0,1,0,0,0,0,1,0,0,0,0,0
594.923,596.0,0.0,285.692,0.0,0.0,105.077,0.0,30,750.308,0.0,0.0,2.591,120,104.543,0.2675314572036165,0,1,0,0,0,0,0,1,0,1,0,0,0
543.385,664.769,0.0,380.0,0.0,0.0,121.538,0.0,40,653.846,0.0,0.0,2.135,120,171.618,0.3421834437270954,0,1,0,0,0,0,0,1,0,0,0,0,0
586.2,587.0,0.0,284.8,0.0,0.0,105.2,0.0,30,754.0,0.0,0.0,2.338,120,118.404,0.3036,0,1,0,0,0,0,0,1,0,1,0,0,0
583.0,587.571,0.0,285.143,0.0,0.0,105.286,0.0,30,747.429,0.0,0.0,1.954,120,126.771,0.3246966798060595,0,1,0,0,0,0,0,1,0,1,0,0,0
615.231,615.538,0.0,179.692,0.0,0.0,109.538,72.154,30,705.538,0.0,0.0,1.797,120,144.529,0.3999319283642884,0,0,1,0,0,0,0,1,0,0,0,0,0
594.0,594.154,0.0,0.0,255.231,0.0,135.385,0.0,25,667.077,0.0,0.0,1.997,120,169.975,0.4351460257644336,0,0,0,0,0,1,0,1,0,0,0,0,0
565.333,566.833,0.0,264.833,0.0,0.0,160.333,103.833,40,595.0,0.0,0.0,2.198,120,180.955,0.3420705899255008,0,0,1,0,0,0,0,1,0,0,0,0,0
600.462,600.154,0.0,0.0,239.846,0.0,0.0,240.0,40,609.846,0.0,0.0,2.163,120,146.171,0.3046206491249276,0,0,0,0,1,0,0,0,1,0,0,0,0
465.833,721.667,0.0,0.0,255.333,0.0,135.5,0.0,25,677.667,0.0,0.0,1.95,120,148.93,0.3810578942924472,0,0,0,0,0,1,0,1,0,0,0,0,0
600.0,600.143,0.0,0.0,240.286,0.0,0.0,240.286,40,602.143,0.0,0.0,2.171,120,154.07,0.3205971217632321,0,0,0,0,1,0,0,0,1,0,0,0,0
